성별,나이,키
남,25,1736 
남,28,1833 
남,19,1744 
남,20,1751 
남,22,1851 
남,23,1781 
남,24,1838 
남,24,1915 
남,27,1729 
남,26,1639 
남,20,1769 
남,26,1751 
남,20,1736 
남,28,1850 
남,23,1670 
남,26,1729 
남,21,1718 
남,25,1835 
남,21,1724 
남,25,1645 
남,28,1786 
남,60,1764 
남,19,1686 
남,22,1765 
남,24,1764 
남,20,1751 
남,19,1766 
남,23,1730 
남,21,1794 
남,22,1724 
남,26,1757 
남,19,1755 
남,18,1699 
남,26,1678 
남,23,1804 
남,24,1722 
남,22,1777 
남,26,1750 
남,25,1773 
남,25,1818 
남,28,1778 
남,26,1786 
남,27,1770 
남,26,1765 
여,20,1560 
여,31,1544 
여,19,1600 
여,21,1656 
여,55,1661 
여,22,1669 
여,45,1621 
여,27,1657 
여,22,1711 
여,20,1637 
여,55,1539 
여,56,1551 
여,19,1560 
여,44,1570 
여,60,1626 
여,64,1494 
여,20,1690 
남,16,1720 
남,16,1657 
남,16,1736 
남,16,1626 
남,16,1740 
남,16,1738 
남,16,1707 
남,16,1754 
남,16,1852 
남,16,1615 
남,16,1735 
남,16,1718 
남,16,1679 
남,16,1730 
남,16,1721 
남,16,1736 
남,15,1714 
남,16,1710 
남,16,1754 
남,16,1795 
남,16,1690 
남,15,1614 
남,16,1755 
남,16,1756 
남,15,1749 
남,16,1811 
남,16,1756 
남,16,1711 
남,16,1724 
남,16,1710 
남,17,1700 
남,17,1726 
남,17,1651 
남,16,1711 
남,17,1725 
남,17,1828 
남,17,1726 
남,17,1710 
남,17,1644 
남,17,1750 
남,17,1746 
남,17,1661 
남,17,1730 
남,17,1740 
여,16,1629 
여,16,1644 
여,16,1542 
여,16,1644 
여,16,1575 
여,16,1564 
여,16,1634 
여,17,1660 
여,16,1574 
여,16,1613 
여,16,1604 
여,15,1594 
여,16,1610 
여,16,1634 
여,16,1512 
여,16,1541 
여,16,1594 
여,16,1681 
여,16,1644 
여,16,1585 
여,16,1643 
여,16,1633 
여,16,1556 
여,16,1630 
여,16,1651 
여,15,1581 
여,16,1646 
여,16,1666 
여,16,1621 
여,16,1576 
여,16,1660 
여,16,1605 
여,15,1520 
남,16,1706 
남,16,1770 
남,16,1627 
남,16,1770 
남,16,1683 
남,16,1630 
남,16,1643 
남,16,1805 
남,16,1789 
남,16,1790 
남,15,1697 
남,16,1627 
남,16,1706 
남,16,1808 
여,16,1575 
여,17,1555 
여,17,1646 
여,17,1542 
여,17,1604 
여,17,1599 
여,17,1640 
여,17,1570 
여,17,1690 
여,17,1634 
여,17,1664 
여,17,1605 
여,17,1615 
여,17,1609 
여,17,1586 
여,17,1575 
여,17,1626 
여,16,1598 
여,17,1621 
여,17,1621 
여,17,1594 
여,17,1680 
여,17,1639 
여,17,1597 
여,17,1583 
여,17,1628 
여,17,1545 
여,17,1518 
여,17,1621 
여,17,1687 
여,16,1607 
여,17,1569 
여,16,1560 
여,17,1584 
여,17,1580 
여,17,1527 
여,17,1651 
여,17,1605 
여,17,1665 
여,17,1558 
여,16,1561 
여,16,1583 
여,16,1561 
여,16,1600 
남,17,1783 
남,17,1801 
남,17,1830 
남,17,1745 
남,17,1717 
남,17,1760 
남,17,1725 
남,17,1702 
남,16,1750 
남,17,1678 
남,17,1696 
남,17,1788 
남,17,1705 
남,17,1744 
남,17,1739 
남,17,1610 
남,17,1851 
남,17,1690 
남,17,1805 
남,17,1725 
남,16,1767 
남,17,1685 
남,17,1735 
남,17,1745 
남,17,1715 
남,17,1694 
남,18,1730 
남,16,1865 
남,17,1744 
남,17,1744 
남,17,1846 
남,16,1607 
남,17,1795 
남,17,1735 
남,17,1733 
여,46,1525 
여,55,1576 
여,55,1471 
여,43,1552 
여,56,1592 
여,51,1584 
여,66,1526 
여,59,1563 
여,49,1546 
여,45,1641 
여,52,1498 
여,38,1567 
여,68,1474 
여,55,1558 
여,52,1599 
여,47,1584 
여,56,1523 
여,52,1536 
여,66,1514 
여,51,1455 
여,50,1606 
여,45,1642 
여,40,1565 
여,40,1568 
여,58,1436 
여,52,1643 
여,22,1579 
여,51,1607 
여,47,1637 
여,53,1649 
여,60,1538 
여,19,1611 
여,44,1535 
여,52,1587 
여,43,1572 
여,35,1548 
여,43,1610 
여,49,1575 
여,35,1580 
여,57,1473 
여,38,1558 
여,36,1664 
여,47,1580 
여,33,1600 
여,45,1594 
여,41,1593 
여,47,1570 
여,57,1458 
여,49,1612 
여,58,1488 
여,53,1507 
여,45,1558 
여,36,1534 
여,53,1514 
여,37,1624 
여,46,1542 
여,59,1485 
여,56,1541 
여,44,1604 
여,68,1502 
여,61,1567 
여,62,1464 
여,20,1593 
여,30,1571 
여,16,1578 
여,63,1505 
여,35,1628 
여,62,1584 
여,51,1469 
여,49,1595 
여,20,1600 
여,20,1614 
여,46,1544 
여,33,1678 
여,34,1654 
여,67,1545 
여,59,1533 
여,36,1630 
여,37,1572 
여,60,1556 
여,52,1675 
여,59,1634 
여,55,1580 
여,56,1575 
여,62,1544 
여,24,1596 
여,46,1514 
여,67,1401 
여,26,1600 
여,38,1650 
여,26,1690 
여,54,1545 
여,31,1660 
여,37,1638 
여,33,1566 
여,35,1586 
여,57,1487 
여,56,1588 
여,33,1668 
여,52,1518 
여,65,1529 
여,36,1580 
여,49,1600 
여,49,1562 
여,55,1518 
여,55,1456 
여,52,1539 
여,60,1536 
여,57,1470 
여,45,1505 
여,67,1479 
여,61,1519 
여,66,1482 
여,47,1573 
여,44,1571 
여,50,1546 
여,22,1678 
여,52,1622 
여,41,1601 
여,62,1538 
여,50,1582 
여,53,1533 
여,59,1478 
여,53,1510 
여,56,1518 
여,57,1479 
여,48,1543 
여,51,1528 
여,48,1650 
여,55,1484 
여,62,1468 
여,50,1548 
여,50,1521 
여,44,1589 
여,48,1509 
여,51,1522 
여,59,1556 
여,55,1487 
여,43,1655 
여,45,1529 
여,40,1500 
여,53,1567 
여,31,1662 
여,37,1691 
여,38,1560 
여,36,1563 
여,37,1594 
여,43,1598 
여,36,1655 
여,51,1615 
여,50,1502 
여,21,1595 
여,21,1557 
여,47,1604 
여,47,1534 
여,50,1619 
여,37,1574 
여,35,1647 
여,35,1612 
여,37,1608 
여,35,1519 
여,34,1632 
여,35,1622 
여,48,1558 
여,16,1647 
여,51,1508 
여,61,1518 
여,48,1507 
여,44,1505 
여,51,1640 
여,50,1594 
여,66,1495 
여,37,1630 
여,47,1522 
여,46,1523 
여,49,1542 
여,44,1708 
여,55,1481 
여,59,1510 
여,42,1590 
여,46,1490 
여,53,1580 
여,56,1665 
여,47,1545 
여,36,1700 
여,61,1490 
여,51,1527 
여,38,1620 
여,42,1477 
여,38,1478 
여,51,1553 
여,36,1581 
여,53,1525 
여,62,1521 
여,59,1544 
여,53,1526 
여,60,1564 
여,56,1620 
여,63,1437 
여,62,1629 
여,50,1481 
여,37,1764 
여,40,1508 
여,18,1560 
여,18,1580 
여,55,1526 
여,56,1460 
여,45,1605 
여,56,1534 
여,66,1478 
여,54,1550 
여,38,1589 
여,43,1510 
여,35,1574 
여,34,1606 
여,40,1582 
남,56,1644 
남,63,1704 
남,60,1601 
남,44,1713 
남,54,1721 
남,23,1714 
남,23,1731 
남,23,1730 
남,16,1799 
남,68,1533 
남,57,1709 
남,18,1706 
남,56,1580 
남,69,1677 
남,18,1751 
남,24,1685 
남,46,1722 
남,19,1657 
남,55,1688 
남,19,1721 
남,55,1619 
남,18,1635 
남,54,1715 
남,33,1642 
남,61,1623 
남,16,1763 
남,17,1707 
남,29,1714 
남,48,1667 
남,35,1810 
남,66,1670 
남,57,1722 
남,58,1620 
남,43,1740 
남,36,1787 
남,19,1696 
남,16,1720 
남,16,1724 
남,16,1760 
남,16,1745 
남,52,1664 
남,18,1750 
남,19,1768 
남,18,1755 
남,18,1731 
남,18,1870 
남,40,1700 
남,43,1676 
남,35,1708 
남,22,1716 
남,61,1622 
남,36,1655 
남,51,1636 
남,34,1728 
남,58,1651 
남,49,1713 
남,22,1704 
남,45,1637 
남,19,1677 
남,19,1701 
남,68,1702 
남,19,1670 
남,18,1756 
남,18,1645 
남,18,1685 
남,18,1701 
남,17,1820 
남,16,1635 
남,16,1561 
남,16,1685 
남,16,1806 
남,16,1664 
남,17,1734 
남,17,1745 
남,17,1718 
남,47,1734 
남,19,1883 
남,25,1786 
남,45,1712 
남,46,1680 
남,26,1698 
남,26,1641 
남,43,1620 
여,59,1581 
여,54,1604 
여,47,1514 
여,47,1585 
여,51,1565 
여,50,1480 
여,54,1580 
여,30,1723 
여,18,1710 
여,18,1587 
여,47,1479 
여,69,1609 
여,54,1444 
여,37,1560 
여,37,1580 
여,19,1531 
여,19,1638 
여,46,1575 
여,49,1654 
여,38,1610 
여,50,1628 
여,46,1646 
여,51,1541 
여,50,1585 
여,49,1580 
여,43,1553 
여,53,1508 
여,48,1580 
여,54,1580 
여,53,1539 
여,51,1583 
여,62,1499 
여,66,1547 
여,68,1537 
여,36,1591 
여,42,1521 
여,38,1440 
여,33,1549 
여,19,1580 
여,17,1592 
여,42,1550 
여,42,1580 
여,67,1527 
여,60,1495 
여,60,1630 
여,60,1604 
여,58,1510 
여,57,1500 
여,42,1596 
여,16,1571 
여,44,1541 
여,66,1565 
여,45,1612 
여,57,1583 
여,49,1585 
여,44,1534 
여,38,1664 
여,48,1657 
여,59,1735 
여,46,1520 
여,41,1622 
여,53,1525 
여,53,1592 
여,46,1591 
여,51,1684 
여,45,1460 
여,59,1519 
여,20,1555 
여,38,1565 
여,59,1528 
여,34,1635 
여,47,1580 
여,43,1605 
여,43,1589 
여,19,1531 
여,45,1593 
여,53,1620 
여,22,1565 
여,55,1608 
여,66,1440 
여,45,1560 
여,45,1504 
여,31,1526 
여,39,1650 
여,47,1648 
여,19,1674 
여,18,1616 
여,66,1433 
여,67,1535 
여,69,1492 
여,57,1476 
여,54,1565 
여,44,1524 
여,66,1586 
여,66,1580 
여,66,1554 
여,63,1596 
여,38,1593 
여,61,1594 
여,33,1570 
여,60,1580 
여,41,1665 
여,53,1552 
여,49,1499 
여,47,1553 
여,32,1669 
여,33,1608 
여,34,1625 
여,68,1536 
여,67,1504 
여,33,1613 
여,64,1552 
여,42,1580 
여,30,1630 
여,26,1535 
여,35,1575 
여,63,1549 
여,49,1618 
여,56,1520 
여,48,1641 
여,50,1606 
여,51,1660 
여,18,1688 
여,33,1597 
여,63,1505 
여,62,1518 
여,51,1626 
여,57,1558 
여,34,1536 
여,46,1553 
여,54,1538 
여,56,1568 
여,57,1496 
여,27,1544 
여,63,1470 
여,57,1654 
여,40,1561 
여,41,1559 
여,59,1594 
여,33,1605 
여,48,1527 
여,61,1510 
여,60,1506 
여,56,1600 
여,29,1704 
여,17,1640 
여,39,1600 
여,38,1581 
여,64,1462 
여,35,1630 
여,44,1540 
여,61,1531 
여,43,1669 
여,35,1627 
여,22,1621 
여,47,1565 
여,43,1580 
여,60,1570 
여,51,1530 
여,43,1552 
여,48,1567 
여,20,1678 
여,55,1476 
여,66,1575 
여,20,1732 
여,52,1573 
여,54,1495 
여,55,1529 
여,54,1570 
여,55,1477 
여,55,1522 
여,60,1499 
여,46,1569 
여,45,1547 
여,65,1486 
여,34,1570 
여,42,1620 
여,34,1630 
여,62,1535 
여,36,1646 
여,40,1601 
여,33,1675 
여,40,1554 
여,36,1632 
여,37,1662 
여,61,1505 
여,34,1621 
여,53,1505 
여,65,1610 
여,39,1604 
여,61,1519 
여,59,1515 
여,45,1635 
여,56,1560 
여,30,1619 
여,50,1557 
여,48,1494 
여,44,1628 
여,41,1552 
여,64,1611 
여,29,1501 
여,41,1660 
여,20,1629 
여,20,1605 
여,67,1523 
여,55,1437 
여,63,1480 
여,68,1443 
여,60,1580 
여,16,1611 
여,21,1614 
여,48,1597 
여,20,1686 
여,21,1618 
여,20,1515 
여,20,1650 
여,44,1606 
여,20,1692 
여,59,1604 
여,63,1573 
여,59,1497 
여,55,1483 
여,60,1500 
여,61,1570 
여,27,1685 
여,34,1547 
남,68,1568 
남,59,1607 
남,44,1745 
남,64,1665 
남,56,1580 
남,23,1860 
남,23,1803 
남,23,1730 
남,20,1606 
남,45,1646 
남,17,1660 
남,17,1720 
남,53,1690 
남,63,1674 
남,62,1640 
남,68,1602 
남,69,1585 
남,60,1636 
남,56,1796 
남,62,1692 
남,44,1627 
남,61,1693 
남,57,1610 
남,19,1810 
남,19,1824 
남,34,1675 
남,36,1700 
남,19,1775 
남,19,1740 
남,49,1691 
남,59,1668 
남,18,1751 
남,61,1674 
남,17,1708 
남,18,1725 
남,46,1715 
남,22,1698 
남,22,1696 
남,20,1821 
남,18,1714 
남,35,1714 
남,55,1695 
남,25,1723 
남,22,1706 
남,21,1780 
남,61,1761 
남,56,1672 
남,16,1775 
남,23,1765 
남,23,1755 
남,36,1727 
남,32,1749 
남,22,1744 
남,22,1725 
남,21,1835 
남,33,1728 
남,23,1715 
남,22,1679 
남,69,1670 
남,67,1688 
남,16,1717 
남,22,1805 
남,24,1664 
남,64,1695 
남,35,1710 
남,41,1698 
남,35,1803 
남,69,1727 
남,41,1777 
남,41,1751 
남,20,1809 
남,16,1712 
남,47,1681 
남,51,1665 
남,67,1698 
남,17,1789 
남,66,1637 
남,17,1825 
남,16,1811 
남,37,1718 
남,23,1690 
남,50,1686 
남,69,1681 
남,43,1776 
남,66,1660 
남,23,1785 
남,33,1819 
남,57,1568 
남,22,1733 
남,22,1780 
남,69,1675 
남,63,1640 
남,47,1850 
남,43,1680 
남,24,1577 
남,22,1739 
남,23,1823 
남,38,1625 
남,26,1713 
남,32,1684 
남,19,1810 
남,43,1805 
남,34,1716 
남,32,1700 
남,55,1755 
남,23,1733 
남,54,1610 
남,29,1739 
남,43,1640 
남,42,1770 
남,22,1730 
남,17,1685 
남,17,1728 
여,69,1451 
여,61,1454 
여,67,1523 
여,44,1593 
여,44,1617 
여,20,1611 
여,22,1665 
여,48,1604 
여,66,1515 
여,60,1520 
여,67,1580 
여,57,1403 
여,64,1564 
여,42,1654 
여,65,1537 
여,68,1585 
여,48,1576 
여,62,1510 
여,51,1599 
여,63,1582 
여,53,1594 
여,32,1661 
여,40,1644 
여,45,1546 
여,45,1549 
여,42,1543 
여,16,1640 
여,33,1624 
여,17,1638 
여,24,1573 
여,16,1614 
여,68,1515 
여,65,1495 
여,66,1470 
여,19,1660 
여,17,1595 
여,44,1528 
여,48,1533 
여,22,1690 
여,57,1601 
여,34,1535 
여,42,1595 
여,63,1493 
여,39,1628 
여,38,1625 
여,41,1590 
여,41,1631 
여,42,1603 
여,44,1626 
여,41,1495 
여,47,1543 
여,16,1594 
여,46,1574 
여,33,1616 
여,41,1725 
여,18,1693 
여,26,1585 
여,19,1563 
여,19,1594 
여,48,1680 
여,47,1598 
여,37,1534 
여,17,1564 
여,17,1621 
여,46,1568 
여,66,1479 
여,45,1580 
여,67,1530 
여,46,1560 
여,55,1527 
여,38,1606 
여,27,1525 
여,36,1533 
여,18,1578 
여,18,1504 
여,18,1594 
여,63,1595 
여,33,1532 
여,46,1635 
여,21,1690 
여,21,1703 
여,20,1714 
여,21,1562 
여,34,1610 
여,22,1631 
여,49,1522 
여,67,1516 
여,18,1625 
여,18,1619 
여,21,1638 
여,60,1547 
여,17,1525 
여,17,1604 
여,20,1584 
여,18,1560 
여,18,1660 
여,57,1606 
여,53,1553 
여,37,1581 
여,36,1605 
여,17,1641 
여,32,1610 
여,67,1511 
여,16,1539 
여,16,1604 
여,47,1555 
여,30,1520 
여,31,1600 
여,25,1685 
여,48,1560 
여,19,1634 
여,23,1621 
여,35,1575 
여,48,1563 
여,18,1606 
여,20,1580 
여,46,1506 
여,36,1683 
여,50,1557 
여,19,1600 
여,41,1527 
여,18,1541 
여,18,1577 
여,38,1510 
여,43,1640 
여,18,1750 
여,18,1546 
여,17,1570 
여,17,1695 
여,69,1551 
여,24,1648 
남,42,1769 
남,42,1606 
남,16,1780 
남,18,1670 
남,17,1639 
남,19,1790 
남,17,1722 
남,19,1760 
남,61,1681 
남,41,1743 
남,46,1690 
남,45,1645 
남,17,1763 
남,18,1741 
남,34,1724 
남,42,1654 
남,18,1719 
남,18,1703 
남,18,1649 
남,18,1605 
남,25,1705 
남,18,1662 
남,38,1800 
남,42,1653 
남,16,1691 
남,16,1715 
남,17,1710 
남,18,1690 
남,18,1829 
남,21,1704 
남,19,1781 
남,17,1728 
남,26,1816 
남,53,1706 
남,53,1645 
남,25,1675 
남,16,1736 
남,18,1678 
남,18,1675 
남,26,1739 
남,56,1747 
남,48,1732 
남,23,1725 
남,24,1753 
남,53,1613 
남,20,1694 
남,18,1806 
남,17,1736 
남,28,1667 
남,23,1786 
남,29,1743 
남,18,1741 
남,18,1724 
남,18,1823 
남,54,1729 
남,45,1678 
남,24,1720 
남,24,1750 
남,69,1654 
남,37,1705 
남,18,1694 
남,24,1753 
남,17,1754 
남,32,1756 
남,60,1680 
남,18,1777 
남,18,1643 
남,18,1717 
남,47,1658 
남,47,1796 
남,19,1733 
남,19,1695 
남,19,1720 
남,48,1702 
남,39,1665 
남,30,1720 
남,17,1735 
남,17,1762 
남,49,1673 
남,45,1630 
남,44,1671 
남,44,1750 
남,26,1677 
남,55,1675 
남,37,1745 
남,42,1711 
남,19,1819 
남,34,1722 
남,51,1666 
남,21,1755 
남,32,1745 
남,47,1655 
남,66,1651 
남,45,1788 
남,50,1585 
남,59,1734 
남,40,1748 
남,63,1682 
남,34,1680 
남,34,1715 
남,18,1715 
남,27,1701 
남,47,1782 
남,19,1781 
남,18,1745 
남,18,1718 
남,25,1804 
남,36,1695 
남,19,1709 
남,18,1739 
남,31,1725 
여,20,1575 
여,18,1625 
여,24,1575 
여,18,1595 
여,18,1544 
여,18,1570 
여,17,1545 
여,17,1604 
여,32,1653 
여,21,1605 
여,61,1473 
여,54,1580 
여,43,1459 
여,18,1652 
여,17,1660 
여,25,1607 
여,31,1558 
여,21,1618 
여,37,1616 
여,21,1500 
여,18,1584 
여,18,1619 
여,49,1594 
여,34,1509 
여,30,1697 
여,17,1595 
여,24,1632 
여,20,1612 
여,20,1539 
여,21,1581 
여,18,1588 
여,17,1655 
여,19,1575 
여,42,1659 
여,41,1544 
여,27,1667 
여,66,1456 
여,17,1544 
여,18,1617 
여,18,1556 
여,18,1550 
여,18,1645 
여,34,1609 
여,20,1580 
여,20,1540 
여,26,1597 
여,26,1605 
여,17,1614 
여,16,1648 
여,22,1630 
여,20,1606 
여,19,1600 
여,18,1662 
여,18,1520 
여,18,1593 
여,21,1656 
여,17,1720 
여,16,1528 
여,17,1620 
여,18,1598 
여,18,1561 
여,18,1571 
여,23,1715 
여,16,1564 
여,25,1637 
여,20,1633 
여,20,1633 
여,20,1545 
여,21,1666 
여,19,1681 
여,16,1650 
여,16,1681 
여,18,1509 
여,17,1609 
여,20,1633 
여,18,1575 
여,20,1710 
여,20,1704 
여,25,1644 
여,16,1653 
여,16,1688 
여,16,1605 
여,16,1603 
여,21,1600 
여,19,1594 
여,20,1629 
여,24,1725 
남,26,1755 
남,37,1675 
남,53,1726 
남,50,1730 
남,16,1641 
남,16,1714 
남,16,1722 
남,26,1744 
남,43,1696 
남,16,1786 
남,18,1761 
남,19,1750 
남,23,1676 
남,16,1655 
남,16,1706 
남,42,1729 
남,18,1739 
남,17,1745 
남,18,1637 
남,18,1808 
남,18,1712 
남,17,1720 
남,64,1619 
남,18,1695 
남,18,1686 
남,19,1739 
남,26,1672 
남,49,1693 
남,17,1712 
남,17,1762 
남,16,1706 
남,17,1679 
남,26,1704 
남,39,1778 
남,18,1733 
남,60,1745 
남,63,1633 
남,19,1610 
남,19,1752 
남,18,1704 
남,42,1715 
남,19,1737 
남,61,1671 
남,32,1820 
남,19,1684 
남,55,1760 
남,19,1671 
남,19,1840 
남,25,1728 
남,16,1729 
남,17,1656 
남,16,1713 
남,16,1700 
남,17,1776 
남,17,1825 
남,26,1768 
남,17,1806 
남,17,1675 
남,47,1633 
여,20,1654 
여,24,1607 
여,35,1685 
여,30,1753 
여,25,1645 
여,34,1635 
여,60,1510 
여,23,1645 
여,16,1641 
여,27,1577 
여,24,1545 
여,65,1484 
여,27,1600 
여,28,1636 
여,45,1631 
여,55,1540 
여,27,1595 
여,22,1650 
여,62,1493 
여,57,1561 
여,54,1599 
여,17,1655 
여,17,1724 
여,19,1636 
여,18,1728 
여,62,1604 
여,20,1595 
여,61,1514 
여,22,1631 
여,20,1560 
여,30,1663 
여,22,1583 
남,61,1740 
남,62,1754 
남,50,1733 
남,33,1715 
남,43,1710 
남,33,1690 
남,45,1722 
남,25,1825 
남,26,1735 
남,40,1706 
남,32,1755 
남,28,1787 
남,25,1700 
남,45,1706 
남,19,1817 
남,38,1726 
남,26,1718 
남,35,1830 
남,46,1627 
남,25,1638 
남,57,1619 
남,27,1786 
남,19,1724 
남,53,1738 
남,55,1693 
남,45,1780 
남,58,1788 
남,68,1684 
남,37,
남,28,1770 
남,25,1874 
남,46,1683 
남,57,1696 
남,19,1670 
남,31,1766 
남,42,1750 
남,48,1794 
남,27,1710 
남,51,1710 
남,62,1716 
남,45,1747 
남,52,1633 
남,19,1791 
남,19,1666 
남,19,1750 
남,19,1691 
여,62,1572 
여,19,1503 
여,51,1520 
여,65,1555 
여,53,1540 
여,59,1536 
여,22,1591 
여,21,1627 
여,16,1665 
여,26,1645 
여,23,1644 
여,47,1563 
여,21,1560 
여,24,1640 
여,57,1611 
여,57,1568 
여,19,1645 
여,69,1527 
여,42,1624 
여,38,1565 
여,41,1647 
여,44,1700 
여,16,1617 
여,16,1610 
여,31,1663 
여,20,1677 
여,20,1664 
여,20,1675 
여,27,1585 
여,21,1725 
여,38,1572 
여,20,1644 
여,19,1615 
여,20,1582 
여,22,1766 
여,44,1563 
여,25,1596 
여,54,1484 
여,43,1584 
여,22,1690 
여,57,1554 
여,26,1650 
여,57,1574 
여,53,1551 
여,58,1513 
여,19,1655 
여,26,1540 
여,22,1580 
여,16,1575 
여,16,1624 
여,50,1525 
여,16,1648 
여,19,1512 
여,24,1600 
여,47,1592 
여,23,1659 
여,46,1541 
여,21,1744 
여,21,1587 
여,19,1610 
여,26,1727 
여,56,1561 
여,20,1585 
여,38,1605 
여,16,1548 
여,25,1680 
여,42,1610 
여,60,1535 
여,32,1550 
여,23,1512 
여,26,1619 
여,25,1681 
여,47,1574 
여,32,1568 
여,21,1675 
여,33,1666 
여,36,1705 
여,47,1520 
여,47,1540 
여,45,1715 
여,44,1620 
여,57,1531 
여,25,1634 
여,42,1610 
여,16,1656 
여,40,1566 
여,20,1620 
여,19,1661 
여,20,1650 
여,49,1535 
여,46,1568 
여,41,1614 
여,47,1570 
남,39,1777 
남,66,1541 
남,41,1705 
남,56,1651 
남,43,1555 
남,46,1725 
남,40,1745 
남,58,1590 
남,22,1630 
남,24,1720 
남,49,1745 
남,18,1820 
남,22,1749 
남,25,1875 
남,23,1839 
남,18,1790 
남,38,1804 
남,24,1844 
남,59,1638 
여,56,1560 
여,51,1615 
여,52,1664 
여,50,1649 
여,46,1578 
여,57,1520 
여,52,1587 
남,69,1710 
남,35,1760 
남,26,1750 
남,19,1681 
남,55,1745 
남,25,1784 
남,25,1724 
남,24,1770 
남,38,1755 
남,34,1796 
남,19,1788 
남,34,1768 
남,33,1725 
남,28,1793 
남,64,1685 
남,28,1769 
남,24,1800 
남,17,1668 
남,54,1635 
남,17,1744 
남,18,1800 
남,17,1765 
여,39,1536 
남,39,1675 
남,58,1665 
남,27,1820 
남,30,1783 
남,26,1785 
남,20,1738 
남,20,1765 
여,46,1514 
여,37,1595 
여,57,1595 
여,16,1635 
여,59,1510 
여,23,1624 
여,23,1470 
여,27,1606 
여,61,1575 
여,23,1661 
여,37,1580 
여,54,1651 
여,34,1611 
여,61,1505 
여,55,1735 
여,25,1610 
여,43,1590 
여,19,1560 
여,28,1520 
여,27,1624 
여,36,1612 
여,54,1610 
여,48,1576 
여,27,1630 
여,57,1571 
여,44,1600 
여,22,1650 
여,28,1570 
여,56,1550 
여,50,1586 
여,49,1563 
여,42,1511 
여,24,1584 
여,59,1506 
남,66,1633 
남,53,1605 
남,58,1605 
남,34,1797 
남,48,1684 
남,48,1584 
남,56,1640 
남,38,1704 
남,35,1739 
남,32,1753 
남,23,1758 
남,30,1654 
남,30,1750 
남,32,1714 
남,58,1695 
남,59,1726 
남,19,1685 
여,20,1593 
여,19,1625 
여,36,1474 
여,57,1522 
여,35,1639 
여,38,1626 
여,39,1620 
여,40,1540 
여,25,1605 
여,33,1640 
여,24,1575 
여,37,1606 
여,44,1658 
여,29,1694 
여,46,1542 
여,24,1645 
여,35,1527 
여,43,1611 
여,23,1570 
여,20,1670 
여,24,1650 
여,19,1569 
여,26,1622 
여,24,1645 
여,37,1625 
여,21,1635 
여,18,1616 
여,32,1649 
여,32,1633 
여,19,1610 
여,20,1629 
여,27,1630 
여,56,1620 
여,53,1580 
여,51,1545 
여,19,1581 
여,29,1560 
여,23,1580 
여,21,1654 
여,33,1610 
여,19,1634 
여,37,1495 
여,36,1672 
여,51,1562 
여,18,1661 
여,49,1525 
여,27,1669 
여,19,1535 
여,28,1601 
여,19,1617 
여,26,1590 
여,34,1640 
여,23,1603 
여,18,1589 
여,25,1703 
여,19,1629 
여,19,1583 
여,29,1550 
여,25,1580 
여,21,1570 
남,23,1843 
남,24,1735 
남,24,1780 
남,34,1803 
남,47,1653 
남,42,1630 
남,30,1731 
남,26,1715 
남,47,1644 
남,39,1678 
남,27,1714 
남,29,1776 
남,27,1680 
남,21,1788 
남,25,1717 
남,29,1655 
남,26,1745 
남,30,1739 
남,35,1664 
남,25,1755 
남,50,1810 
남,44,1745 
남,26,1710 
남,31,1843 
남,30,1730 
남,19,1836 
남,24,1648 
남,35,1703 
남,33,1682 
남,30,1700 
남,25,1711 
남,19,1775 
남,26,1830 
남,33,1770 
남,25,1690 
남,27,1905 
남,26,1732 
남,41,1758 
남,23,1776 
남,30,1821 
남,19,1772 
남,19,1730 
남,19,1735 
남,22,1767 
남,22,1774 
남,25,1805 
남,24,1736 
남,56,1750 
남,58,1710 
남,18,1814 
남,18,1775 
남,18,1720 
남,18,1712 
남,18,1682 
남,18,1725 
남,22,1630 
남,18,1799 
남,18,1777 
남,18,1720 
남,18,1694 
남,32,1720 
남,47,1746 
남,51,1691 
남,19,1715 
남,19,1684 
남,19,1740 
남,29,1724 
남,19,1757 
남,45,1669 
남,27,1700 
남,27,1708 
남,38,1854 
남,34,1790 
남,38,1808 
남,40,1790 
여,23,1669 
남,52,1636 
남,33,1777 
남,52,1721 
여,21,1620 
여,22,1626 
여,19,1650 
여,33,1622 
여,24,1541 
여,33,1562 
여,19,1567 
여,19,1556 
여,27,1594 
여,40,1640 
여,27,1557 
여,26,1610 
여,40,1648 
여,25,1630 
여,28,1628 
여,37,1653 
여,27,1609 
여,25,1602 
여,41,1613 
여,27,1630 
여,26,1603 
여,28,1598 
여,39,1640 
여,25,1600 
여,29,1660 
여,25,1670 
여,25,1617 
여,28,1520 
여,26,1614 
여,28,1669 
여,25,1545 
여,18,1627 
여,19,1595 
여,23,1615 
여,25,1562 
여,31,1564 
여,19,1540 
여,19,1600 
여,23,1584 
여,25,1571 
여,26,1590 
여,32,1720 
여,29,1501 
여,27,1651 
남,27,1845 
남,18,1680 
남,40,1732 
남,33,1770 
남,31,1814 
남,19,1770 
남,26,1695 
남,59,1709 
남,27,1735 
남,24,1820 
남,28,1827 
남,25,1702 
남,31,1627 
남,25,1733 
남,19,1760 
남,27,1745 
남,27,1721 
남,24,1724 
남,24,1731 
남,44,1639 
남,22,1764 
남,21,1794 
남,25,1740 
남,22,1760 
남,26,1788 
남,28,1681 
남,23,1720 
남,32,1699 
여,23,1655 
여,26,1650 
여,22,1555 
여,19,1635 
여,26,1519 
여,29,1606 
여,31,1620 
여,31,1566 
여,59,1568 
여,21,1620 
여,29,1644 
여,58,1520 
여,52,1620 
여,35,1657 
여,50,1582 
여,42,1601 
여,25,1620 
여,28,1632 
여,26,1562 
여,34,1590 
여,35,1562 
여,27,1636 
여,23,1608 
여,30,1576 
여,39,1605 
여,25,1554 
여,30,1655 
여,30,1675 
여,27,1615 
여,20,1599 
여,32,1526 
여,25,1604 
여,26,1653 
여,27,1630 
여,32,1619 
여,38,1598 
여,28,1656 
여,25,1629 
여,38,1650 
여,41,1598 
여,34,1675 
여,45,1600 
여,45,1590 
여,26,1610 
여,26,1559 
여,34,1616 
여,26,1603 
여,26,1546 
여,25,1559 
여,27,1611 
여,32,1550 
여,32,1603 
여,19,1588 
남,27,1713 
남,32,1710 
남,33,1786 
남,36,1756 
남,26,1741 
남,39,1737 
남,34,1690 
남,33,1737 
남,39,1805 
남,38,1674 
남,29,1760 
남,26,1732 
남,24,1684 
남,24,1715 
남,30,1729 
남,26,1720 
남,50,1631 
남,52,1671 
남,26,1785 
남,47,1657 
남,30,1774 
남,26,1743 
남,46,1618 
남,51,1621 
남,31,1825 
남,35,1660 
남,29,1670 
남,31,1683 
남,31,1715 
남,33,1751 
남,40,1786 
남,22,1788 
남,22,1695 
남,34,1691 
남,30,1695 
남,29,1735 
남,28,1845 
남,31,1764 
여,18,1669 
여,18,1597 
여,18,1557 
여,18,1647 
여,18,1593 
여,18,1566 
여,18,1565 
여,18,1670 
여,18,1683 
여,18,1644 
여,18,1595 
여,18,1531 
여,18,1482 
여,18,1700 
여,18,1482 
여,18,1634 
여,18,1626 
여,18,1594 
여,16,1611 
여,16,1632 
여,16,1574 
여,16,1550 
여,16,1576 
여,17,1560 
여,16,1592 
여,16,1686 
여,18,1465 
남,18,1649 
여,17,1560 
여,16,1561 
여,16,1650 
여,16,1594 
여,16,1525 
여,17,1606 
여,16,1670 
남,18,1790 
남,18,1784 
남,18,1675 
남,18,1760 
남,18,1713 
남,18,1670 
남,18,1724 
남,18,1734 
남,18,1675 
남,18,1749 
남,18,1724 
남,18,1795 
남,18,1661 
남,18,1655 
남,16,1626 
남,16,1905 
남,16,1777 
남,16,1739 
남,16,1790 
남,16,1641 
남,17,1809 
남,17,1738 
남,17,1693 
남,18,1686 
남,17,1759 
남,17,1664 
남,17,1716 
남,17,1690 
여,18,1592 
여,18,1585 
여,18,1562 
여,18,1566 
여,18,1659 
여,18,1625 
여,19,1564 
여,18,1536 
여,18,1491 
여,18,1631 
여,18,1535 
여,18,1580 
여,18,1586 
여,18,1549 
여,18,1599 
여,18,1478 
여,18,1604 
여,18,1630 
여,18,1616 
여,16,1590 
여,16,1546 
여,16,1596 
여,16,1645 
여,16,1574 
여,16,1601 
여,16,1647 
남,17,1650 
남,17,1720 
남,17,1757 
남,17,1740 
남,18,1580 
남,18,1728 
남,18,1660 
남,18,1735 
남,18,1736 
남,17,1729 
남,18,1711 
남,18,1672 
남,18,1695 
남,18,1752 
남,17,1740 
남,17,1716 
남,17,1689 
남,17,1697 
남,17,1690 
남,17,1732 
남,17,1775 
남,18,1715 
남,18,1800 
남,18,1807 
남,18,1794 
남,18,1794 
남,18,1715 
남,19,1814 
여,19,1580 
남,18,1707 
남,18,1735 
남,18,1907 
남,18,1703 
남,18,1685 
여,19,1620 
여,19,1570 
여,21,1609 
여,20,1560 
여,19,1620 
여,19,1568 
여,19,1634 
여,20,1564 
여,19,1716 
여,19,1561 
여,20,1656 
여,19,1520 
여,22,1650 
여,20,1584 
여,20,1514 
여,20,1558 
여,22,1595 
여,29,1527 
여,21,1521 
여,19,1526 
여,20,1653 
여,22,1535 
여,19,1581 
여,19,1724 
여,29,1645 
여,20,1584 
여,20,1620 
남,47,1650 
남,23,1765 
남,20,1740 
남,19,1784 
남,23,1825 
남,22,1702 
남,19,1674 
남,27,1754 
남,20,1755 
남,19,1860 
남,20,1777 
남,20,1776 
남,19,1728 
남,19,1795 
남,23,1702 
남,19,1816 
남,19,1686 
남,19,1720 
남,20,1655 
남,23,1732 
남,24,1780 
남,24,1855 
남,22,1718 
남,22,1753 
남,22,1690 
남,23,1764 
남,22,1715 
남,22,1688 
남,19,1740 
남,23,1790 
남,23,1755 
남,23,1830 
남,23,1738 
남,22,1660 
남,22,1710 
남,22,1805 
남,23,1710 
남,23,1678 
남,22,1785 
남,23,1820 
남,23,1724 
남,23,1722 
남,23,1770 
남,23,1875 
남,23,1683 
남,23,1780 
남,23,1691 
남,22,1695 
남,23,1624 
남,20,1743 
남,19,1757 
남,19,1732 
남,20,1740 
남,19,1758 
남,24,1764 
남,22,1669 
남,22,1717 
남,18,1670 
남,19,1750 
남,24,1784 
남,19,1691 
남,29,1795 
남,24,1804 
남,19,1682 
남,27,1810 
남,27,1760 
남,29,1725 
남,25,1744 
남,19,1650 
남,19,1735 
남,22,1640 
남,19,1718 
남,24,1765 
남,23,1686 
남,19,1744 
남,22,1685 
남,22,1745 
남,22,1784 
남,19,1695 
남,22,1754 
남,24,1770 
남,20,1658 
남,19,1725 
여,19,1583 
여,20,1651 
여,19,1636 
여,19,1525 
여,19,1661 
여,19,1687 
여,20,1493 
여,20,1618 
여,20,1644 
여,19,1617 
여,19,1628 
여,22,1594 
여,37,1559 
여,40,1568 
여,19,1585 
여,19,1609 
여,21,1615 
여,19,1616 
여,19,1590 
여,19,1589 
여,19,1614 
여,22,1523 
여,23,1571 
여,19,1627 
여,21,1625 
여,20,1627 
여,20,1664 
여,20,1684 
여,19,1615 
여,19,1655 
여,20,1671 
여,19,1540 
여,20,1668 
여,20,1613 
남,19,1769 
남,19,1739 
여,20,1649 
여,19,1563 
여,19,1684 
여,20,1640 
여,20,1518 
여,19,1594 
여,19,1623 
여,19,1545 
여,19,1564 
여,19,1618 
여,34,1582 
여,22,1596 
여,23,1603 
여,25,1648 
여,21,1610 
여,34,1601 
여,19,1667 
여,21,1614 
여,21,1641 
여,36,1676 
여,36,1649 
여,31,1638 
여,36,1646 
여,34,1719 
여,37,1656 
여,20,1606 
여,20,1580 
여,19,1571 
여,33,1619 
여,34,1585 
여,32,1634 
여,19,1654 
여,19,1645 
여,33,1631 
여,20,1618 
여,20,1591 
여,36,1675 
여,34,1610 
여,35,1685 
여,19,1660 
여,36,1532 
여,36,1710 
여,20,1654 
여,20,1613 
여,20,1612 
여,20,1629 
여,34,1684 
여,35,1550 
여,31,1639 
여,35,1670 
여,36,1634 
여,36,1626 
여,35,1513 
여,39,1613 
여,24,1667 
여,34,1559 
여,35,1569 
여,31,1541 
여,35,1686 
여,35,1661 
여,34,1710 
여,36,1695 
여,31,1573 
여,19,1625 
여,34,1652 
여,20,1678 
여,19,1610 
여,32,1524 
여,35,1635 
여,20,1617 
여,20,1666 
여,29,1632 
여,19,1740 
여,19,1624 
남,57,1643 
남,37,1664 
남,29,1730 
남,29,1798 
남,19,1803 
남,19,1777 
남,19,1774 
남,19,1712 
남,19,1746 
남,19,1730 
남,57,1734 
남,36,1647 
남,19,1790 
남,39,1715 
남,45,1642 
남,25,1773 
남,25,1670 
남,19,1835 
남,32,1764 
남,33,1685 
남,29,1734 
남,19,1715 
남,47,1668 
남,33,1835 
여,34,1600 
여,33,1613 
여,33,1560 
여,33,1660 
여,34,1549 
여,34,1740 
여,35,1654 
여,33,1665 
여,35,1625 
여,36,1662 
여,35,1630 
여,25,1589 
여,32,1603 
여,32,1600 
여,37,1633 
여,37,1599 
여,39,1682 
여,35,1570 
여,19,1577 
여,19,1638 
여,32,1595 
여,19,1610 
여,20,1525 
여,19,1636 
여,35,1479 
여,19,1594 
여,19,1615 
여,31,1720 
여,31,1547 
여,38,1600 
여,36,1593 
여,36,1610 
여,34,1614 
여,38,1468 
여,39,1740 
여,36,1663 
여,35,1655 
여,23,1679 
여,32,1610 
여,19,1660 
여,35,1630 
여,33,1570 
여,36,1625 
여,33,1605 
여,35,1694 
여,19,1681 
여,19,1591 
여,19,1566 
여,19,1619 
여,23,1514 
여,20,1640 
여,19,1624 
여,19,1618 
여,20,1528 
여,20,1610 
여,20,1647 
여,20,1625 
여,22,1636 
여,19,1611 
여,36,1705 
여,35,1690 
여,19,1630 
여,19,1680 
여,23,1630 
여,21,1645 
여,20,1591 
여,19,1557 
여,22,1668 
여,44,1660 
여,28,1644 
여,27,1684 
여,28,1598 
여,29,1639 
여,37,1610 
여,24,1561 
여,36,1590 
여,39,1555 
여,30,1560 
여,33,1647 
여,33,1626 
여,34,1542 
여,38,1633 
여,37,1615 
여,36,1625 
여,38,1625 
여,39,1577 
여,33,1598 
여,33,1604 
남,55,1715 
남,28,1764 
남,57,1714 
남,60,1703 
남,34,1770 
남,34,1670 
남,60,1638 
남,30,1660 
남,32,1745 
남,47,1691 
남,30,1791 
남,30,1680 
남,42,1750 
남,29,1760 
남,17,1730 
남,30,1780 
남,34,1640 
남,55,1620 
남,35,1683 
남,28,1768 
남,55,1616 
남,29,1765 
남,27,1767 
남,42,1797 
남,40,1725 
남,53,1727 
남,38,1705 
남,55,1693 
남,49,1660 
남,54,1676 
남,36,1751 
남,51,1750 
남,30,1675 
남,23,1860 
남,26,1745 
남,32,1745 
남,29,1713 
남,29,1676 
남,57,1700 
남,42,1658 
남,34,1703 
남,32,1783 
남,26,1724 
남,55,1632 
남,52,1816 
남,62,1604 
남,50,1759 
남,45,1735 
남,34,1738 
남,50,1748 
남,52,1675 
남,43,1675 
남,43,1730 
남,47,1744 
남,47,1770 
남,47,1734 
남,27,1774 
남,55,1710 
남,62,1654 
남,46,1685 
남,55,1718 
남,48,1680 
남,58,1737 
남,47,1742 
남,28,1687 
남,38,1848 
남,49,1666 
남,35,1760 
남,57,1820 
남,56,1770 
남,54,1729 
여,39,1695 
여,39,1563 
여,34,1570 
여,25,1604 
여,20,1550 
여,38,1578 
여,29,1670 
여,20,1524 
여,24,1540 
여,34,1585 
여,37,1619 
여,29,1567 
여,39,1650 
여,27,1706 
여,29,1550 
여,31,1569 
여,32,1614 
여,35,1630 
여,38,1705 
여,35,1522 
여,26,1570 
여,26,1596 
여,35,1656 
여,32,1525 
여,35,1632 
여,34,1560 
여,38,1660 
여,32,1545 
여,30,1530 
여,18,1584 
여,36,1610 
여,31,1740 
여,28,1672 
여,37,1611 
여,35,1635 
여,33,1615 
여,36,1554 
여,23,1667 
여,28,1669 
여,38,1598 
여,36,1600 
여,36,1700 
여,34,1555 
여,21,1595 
여,19,1630 
여,35,1599 
남,34,1684 
여,34,1656 
여,32,1519 
여,35,1660 
여,36,1645 
여,19,1560 
여,19,1575 
여,35,1618 
여,34,1610 
여,35,1582 
여,34,1543 
여,34,1620 
여,32,1549 
여,37,1625 
여,31,1640 
여,36,1614 
여,19,1640 
여,37,1626 
여,37,1574 
남,29,1780 
남,34,1730 
남,37,1711 
여,38,1628 
여,30,1642 
여,19,1553 
여,20,1610 
여,19,1691 
남,32,1785 
남,39,1783 
남,37,1715 
여,32,1597 
남,16,1700 
남,16,1700 
남,16,1658 
남,16,1773 
남,16,1774 
남,16,1705 
남,16,1795 
남,16,1820 
남,16,1800 
남,16,1645 
남,16,1715 
남,16,1714 
남,19,1739 
남,18,1825 
남,18,1787 
남,18,1844 
남,18,1790 
남,18,1750 
남,18,1646 
남,18,1709 
남,18,1739 
남,18,1800 
남,18,1785 
남,18,1776 
남,33,1715 
남,16,1721 
남,16,1654 
남,16,1703 
남,16,1741 
남,16,1655 
남,16,1733 
여,17,1597 
남,35,1705 
남,58,1653 
남,33,1710 
남,54,1649 
남,41,1780 
남,17,1703 
남,16,1740 
남,16,1696 
남,16,1765 
남,16,1769 
남,16,1715 
남,17,1660 
남,17,1725 
남,17,1730 
남,17,1705 
남,17,1668 
남,17,1752 
남,17,1724 
남,17,1770 
남,17,1783 
남,17,1611 
남,17,1794 
남,17,1652 
남,17,1789 
여,17,1614 
여,17,1585 
여,17,1593 
여,17,1627 
여,17,1498 
여,17,1509 
여,17,1554 
여,18,1593 
여,17,1662 
여,17,1634 
여,17,1615 
여,17,1571 
여,18,1610 
여,18,1612 
여,17,1538 
여,18,1581 
여,18,1650 
여,17,1580 
여,20,1538 
여,17,1540 
여,17,1573 
여,17,1613 
여,17,1625 
여,17,1600 
여,17,1516 
여,17,1586 
여,18,1640 
여,17,1578 
여,17,1587 
여,16,1601 
여,16,1663 
여,17,1600 
여,16,1604 
여,16,1549 
여,16,1640 
여,16,1621 
여,16,1580 
여,16,1505 
여,16,1611 
여,16,1620 
여,16,1554 
여,16,1570 
여,16,1614 
여,16,1634 
여,16,1581 
여,17,1568 
여,17,1600 
여,17,1638 
여,17,1760 
여,17,1507 
여,17,1570 
여,17,1650 
여,18,1678 
여,17,1598 
여,18,1620 
여,18,1602 
여,18,1649 
여,18,1554 
여,18,1630 
여,18,1572 
여,18,1584 
여,18,1734 
여,18,1661 
여,18,1642 
여,18,1481 
여,19,1617 
여,17,1649 
여,17,1588 
여,18,1621 
여,17,1685 
여,17,1635 
여,16,1572 
여,16,1626 
여,17,1580 
여,16,1690 
여,16,1636 
여,16,1555 
여,16,1550 
여,16,1610 
여,16,1704 
여,16,1689 
여,19,1570 
여,18,1614 
여,18,1570 
여,18,1540 
여,18,1560 
여,18,1690 
남,17,1736 
남,17,1711 
남,17,1835 
남,18,1618 
남,18,1776 
남,18,1700 
남,17,1668 
남,17,1720 
남,18,1675 
남,17,1683 
남,17,1845 
남,18,1719 
남,18,1668 
남,17,1690 
남,17,1834 
남,18,1716 
남,18,1777 
남,17,1702 
남,17,1840 
남,17,1710 
남,17,1650 
남,17,1774 
남,17,1675 
남,18,1681 
남,17,1663 
남,18,1695 
남,18,1680 
남,17,1802 
남,17,1706 
남,17,1680 
남,17,1724 
남,17,1714 
남,18,1758 
남,17,1710 
남,17,1747 
남,16,1788 
남,16,1733 
남,16,1806 
남,16,1760 
남,16,1620 
남,16,1751 
남,16,1637 
남,16,1655 
남,16,1711 
남,16,1753 
남,16,1653 
남,16,1700 
남,16,1677 
남,16,1746 
남,17,1709 
남,17,1795 
남,16,1701 
남,16,1813 
남,16,1680 
여,16,1615 
여,17,1587 
여,17,1670 
여,16,1639 
여,17,1577 
여,16,1568 
여,16,1571 
여,16,1620 
여,17,1580 
여,16,1581 
여,16,1569 
여,16,1635 
여,16,1647 
여,16,1606 
여,17,1563 
여,16,1489 
여,16,1594 
여,16,1629 
여,16,1518 
여,16,1590 
여,16,1538 
여,16,1602 
여,16,1624 
여,16,1582 
여,16,1618 
여,16,1592 
남,16,1845 
남,17,1680 
남,16,1735 
남,16,1768 
남,16,1799 
남,17,1680 
남,16,1851 
남,16,1674 
남,16,1655 
여,17,1545 
여,17,1659 
여,17,1634 
여,17,1588 
여,17,1601 
여,17,1649 
여,18,1560 
여,17,1665 
여,18,1568 
여,17,1611 
여,17,1589 
여,17,1620 
여,16,1605 
여,16,1638 
여,16,1600 
여,16,1578 
여,16,1606 
여,16,1630 
여,16,1687 
여,16,1654 
여,33,1595 
여,16,1545 
여,29,1670 
여,35,1631 
여,32,1644 
여,34,1674 
여,32,1570 
여,19,1598 
여,38,1557 
여,19,1630 
여,19,1560 
여,27,1595 
여,33,1580 
여,29,1562 
남,29,1715 
남,35,1745 
남,25,1720 
여,19,1662 
남,21,1695 
남,20,1765 
남,21,1734 
남,22,1785 
남,20,1757 
남,20,1700 
남,28,1753 
남,32,1755 
남,22,1717 
남,21,1730 
남,21,1720 
남,20,1789 
남,23,1827 
남,20,1640 
남,22,1732 
남,21,1824 
남,21,1730 
남,20,1745 
남,20,1700 
남,20,1776 
남,21,1746 
남,28,1760 
남,28,1623 
남,20,1661 
남,20,1715 
남,28,1676 
남,20,1858 
남,21,1729 
남,41,1718 
남,23,1755 
남,22,1746 
남,35,1742 
남,21,1776 
남,25,1805 
남,23,1789 
남,22,1711 
남,21,1758 
남,41,1740 
남,41,1773 
남,36,1684 
남,39,1723 
남,38,1754 
남,28,1735 
남,52,1740 
남,25,1710 
남,34,1679 
남,53,1750 
남,39,1755 
남,33,1715 
남,30,1700 
남,33,1785 
남,30,1745 
남,39,1769 
남,25,1800 
남,35,1766 
남,30,1795 
남,28,1798 
남,36,1785 
남,28,1700 
남,21,1720 
남,35,1750 
남,28,1704 
남,25,1660 
남,35,1770 
남,35,1771 
남,29,1734 
남,39,1677 
남,26,1764 
남,48,1709 
남,32,1749 
남,30,1685 
남,32,1650 
남,37,1795 
남,30,1880 
남,31,1625 
남,35,1653 
남,34,1680 
남,20,1665 
남,20,1732 
남,25,1718 
남,22,1746 
남,20,1806 
남,20,1716 
남,20,1714 
남,20,1792 
남,20,1834 
남,20,1751 
남,20,1680 
남,19,1807 
남,20,1779 
남,20,1788 
남,20,1736 
남,20,1740 
남,20,1735 
남,20,1741 
남,20,1740 
남,19,1746 
남,19,1708 
남,20,1720 
남,31,1820 
남,24,1690 
남,24,1760 
남,20,1711 
남,20,1695 
남,20,1730 
남,19,1750 
남,20,1726 
남,20,1695 
남,20,1810 
남,20,1734 
남,20,1720 
남,20,1706 
남,20,1739 
남,19,1705 
남,20,1716 
남,20,1758 
남,20,1674 
남,19,1711 
남,19,1671 
남,20,1759 
남,20,1718 
남,20,1825 
남,20,1663 
남,20,1751 
남,20,1743 
남,20,1650 
남,20,1765 
남,20,1634 
남,19,1746 
남,20,1720 
남,19,1800 
남,23,1865 
남,21,1725 
남,22,1848 
남,21,1701 
남,21,1828 
남,20,1718 
남,19,1720 
남,19,1745 
남,20,1707 
남,20,1750 
남,19,1779 
남,20,1697 
남,20,1788 
남,20,1790 
남,20,1683 
남,19,1818 
남,20,1862 
남,20,1706 
남,20,1689 
남,20,1693 
남,20,1661 
남,20,1821 
남,20,1766 
남,20,1682 
남,20,1709 
남,20,1700 
남,20,1851 
남,20,1680 
남,20,1739 
남,20,1591 
남,20,1765 
남,19,1610 
남,20,1764 
남,20,1739 
남,20,1787 
남,20,1690 
남,20,1805 
남,20,1861 
남,20,1777 
남,20,1685 
남,20,1665 
남,35,1722 
남,53,1733 
남,47,1719 
남,30,1710 
남,42,1707 
남,37,1784 
남,43,1636 
남,34,1698 
남,44,1671 
남,35,1776 
남,32,1734 
남,35,1751 
남,40,1709 
남,30,1706 
남,35,1705 
남,20,1686 
남,20,1774 
남,20,1777 
남,21,1710 
남,26,1640 
남,20,1758 
남,25,1671 
남,32,1757 
남,40,1667 
남,43,1735 
남,41,1688 
남,24,1796 
남,32,1798 
남,21,1786 
남,20,1767 
남,51,1706 
남,37,1671 
남,42,1734 
남,32,1797 
남,33,1663 
남,39,1645 
남,38,1756 
남,20,1743 
남,25,1778 
남,25,1772 
남,47,1751 
남,36,1640 
남,32,1748 
남,23,1760 
남,49,1780 
남,25,1660 
남,51,1664 
남,34,1702 
남,34,1732 
남,28,1695 
남,28,1654 
남,32,1730 
남,21,1784 
남,21,1654 
남,20,1675 
남,20,1784 
남,19,1730 
남,29,1690 
남,28,1804 
남,20,1740 
남,31,1738 
남,35,1686 
남,36,1718 
남,50,1819 
남,22,1720 
남,32,1742 
남,26,1769 
남,27,1778 
남,26,1773 
남,22,1780 
남,19,1711 
남,23,1767 
남,20,1817 
남,40,1705 
남,41,1686 
남,34,1860 
남,28,1645 
남,31,1805 
남,34,1750 
남,32,1676 
남,27,1765 
남,39,1739 
남,40,1700 
남,36,1836 
남,20,1707 
남,22,1720 
남,19,1720 
남,19,1703 
남,25,1731 
남,35,1815 
남,53,1652 
남,33,1734 
남,31,1827 
남,31,1737 
남,26,1777 
남,23,1784 
남,49,1673 
남,49,1702 
남,27,1833 
남,27,1742 
남,28,1688 
남,41,1725 
남,33,1717 
남,22,1616 
남,29,1750 
남,21,1733 
남,37,1708 
남,21,1835 
남,21,1649 
남,20,1732 
남,36,1781 
남,49,1700 
남,40,1740 
남,26,1750 
남,37,1608 
남,25,1715 
남,37,1700 
남,21,1778 
남,22,1852 
남,19,1711 
남,20,1686 
남,36,1660 
남,39,1732 
남,21,1781 
남,21,1780 
남,20,1739 
남,22,1656 
남,39,1740 
남,33,1681 
남,42,1697 
남,26,1609 
남,27,1606 
남,28,1681 
남,49,1640 
남,35,1675 
남,29,1770 
남,33,1696 
남,34,1680 
남,23,1774 
남,23,1724 
남,21,1644 
남,21,1887 
남,21,1667 
남,20,1829 
남,21,1755 
남,20,1840 
남,20,1734 
남,22,1812 
남,22,1708 
남,21,1645 
남,52,1660 
남,22,1785 
남,32,1721 
남,25,1744 
남,23,1720 
남,29,1810 
남,30,1643 
남,20,1725 
남,20,1730 
남,20,1743 
남,20,1769 
남,20,1621 
남,21,1620 
남,22,1667 
남,44,1714 
남,42,1874 
남,29,1606 
남,25,1784 
남,24,1844 
남,26,1685 
남,22,1755 
남,21,1745 
남,25,1800 
남,40,1638 
남,30,1795 
남,26,1813 
남,34,1792 
남,25,1704 
남,36,1709 
남,25,1701 
남,41,1673 
남,39,1720 
남,39,1729 
남,20,1750 
남,20,1703 
남,20,1601 
남,42,1753 
남,26,1775 
남,25,1745 
남,25,1762 
남,28,1805 
남,37,1662 
남,34,1760 
남,31,1770 
남,38,1741 
남,28,1784 
남,28,1675 
남,32,1785 
남,42,1668 
남,30,1655 
남,45,1700 
남,40,1709 
남,25,1770 
남,36,1717 
남,27,1696 
남,30,1824 
남,33,1794 
남,37,1666 
남,26,1695 
남,26,1663 
남,25,1720 
남,26,1770 
남,37,1744 
남,36,1675 
남,30,1713 
남,30,1815 
남,37,1756 
남,32,1805 
남,38,1753 
남,43,1660 
남,32,1725 
남,26,1759 
남,36,1765 
남,36,1720 
남,27,1796 
남,20,1733 
남,26,1780 
남,37,1748 
남,34,1816 
남,39,1728 
남,44,1708 
남,30,1705 
남,20,1759 
남,34,1670 
남,37,1685 
남,28,1686 
남,26,1624 
남,42,1675 
남,33,1760 
남,34,1698 
남,31,1733 
남,26,1703 
남,21,1773 
남,42,1721 
남,25,1733 
남,52,1620 
남,39,1796 
남,26,1730 
남,34,1825 
남,30,1697 
남,30,1717 
남,32,1664 
남,42,1678 
남,31,1644 
남,28,1824 
남,36,1675 
남,34,1674 
남,32,1769 
남,31,1713 
남,44,1685 
남,37,1730 
남,50,1606 
남,49,1671 
남,41,1770 
남,25,1820 
남,19,1620 
남,33,1710 
남,29,1765 
남,32,1717 
남,37,1644 
남,36,1853 
남,34,1736 
남,30,1750 
남,41,1725 
남,26,1800 
남,49,1541 
남,25,1749 
남,25,1770 
남,40,1640 
남,36,1745 
남,36,1775 
남,35,1748 
남,51,1710 
남,42,1802 
남,35,1691 
남,33,1660 
남,41,1691 
남,31,1875 
남,29,1706 
남,32,1775 
남,26,1861 
남,38,1597 
남,45,1685 
남,29,1817 
남,29,1775 
남,40,1837 
남,27,1786 
남,58,1676 
남,46,1720 
남,40,1707 
남,32,1756 
남,32,1768 
남,32,1670 
남,45,1674 
남,45,1773 
남,31,1740 
남,40,1694 
남,66,1683 
남,63,1702 
남,53,1635 
남,60,1748 
남,55,1675 
남,57,1651 
남,58,1723 
남,58,1634 
남,57,1710 
남,68,1593 
남,56,1716 
남,60,1682 
남,32,1733 
남,66,1707 
남,61,1757 
남,33,1780 
남,32,1740 
남,48,1697 
남,68,1582 
남,63,1674 
남,65,1685 
남,44,1657 
남,46,1770 
남,48,1799 
남,62,1687 
남,47,1713 
남,44,1733 
남,27,1782 
남,54,1716 
남,48,1796 
남,46,1693 
남,67,1750 
남,64,1560 
여,29,1628 
여,36,1663 
여,29,1670 
여,27,1610 
여,45,1710 
여,31,1604 
여,26,1689 
여,27,1614 
여,25,1570 
여,30,1597 
여,27,1647 
여,29,1596 
여,28,1600 
여,33,1631 
여,33,1670 
여,34,1620 
여,34,1530 
여,36,1616 
남,36,1794 
남,37,1691 
남,39,1773 
남,38,1758 
남,36,1759 
여,29,1556 
남,34,1693 
남,32,1712 
남,35,1876 
남,30,1755 
남,31,1837 
남,34,1720 
남,31,1751 
남,38,1764 
남,40,1727 
남,34,1675 
남,34,1768 
남,36,1734 
남,33,1757 
남,36,1657 
남,35,1704 
남,30,1670 
남,31,1682 
남,31,1777 
남,31,1727 
남,31,1728 
남,30,1695 
남,37,1786 
남,37,1773 
남,27,1686 
남,39,1813 
남,29,1640 
남,30,1706 
남,34,1708 
남,34,1785 
남,27,1685 
남,35,1735 
남,36,1655 
남,32,1758 
남,33,1745 
남,37,1722 
남,37,1754 
남,31,1795 
남,32,1714 
남,29,1830 
여,25,1640 
여,33,1604 
여,34,1510 
여,27,1541 
여,25,1665 
여,33,1570 
여,33,1567 
여,34,1645 
여,30,1563 
남,19,1681 
여,26,1638 
여,33,1562 
여,30,1664 
여,34,1606 
여,31,1594 
여,30,1685 
남,19,1657 
여,28,1592 
여,33,1685 
여,30,1584 
여,30,1710 
여,34,1672 
여,33,1588 
여,29,1613 
여,30,1620 
여,31,1563 
여,32,1574 
여,30,1585 
여,32,1625 
여,31,1558 
여,30,1620 
여,25,1629 
여,28,1631 
여,28,1560 
여,26,1650 
여,28,1635 
여,29,1635 
여,26,1655 
여,26,1634 
여,31,1523 
여,32,1650 
여,33,1614 
여,30,1604 
여,34,1611 
여,31,1600 
여,32,1558 
여,35,1607 
여,33,1690 
여,34,1621 
여,34,1634 
여,31,1645 
여,30,1617 
여,32,1620 
여,30,1705 
여,27,1580 
여,29,1539 
여,33,1545 
여,28,1670 
여,31,1628 
여,34,1515 
여,31,1608 
여,28,1594 
여,33,1570 
여,33,1525 
여,30,1507 
여,34,1493 
여,26,1612 
여,28,1667 
여,29,1571 
여,29,1715 
여,26,1615 
여,29,1594 
여,27,1660 
여,29,1630 
여,32,1677 
여,29,1590 
여,33,1600 
여,28,1570 
여,27,1654 
여,34,1580 
여,25,1632 
여,27,1601 
여,25,1598 
여,26,1603 
여,29,1651 
여,33,1579 
여,34,1690 
여,34,1723 
여,32,1708 
여,33,1681 
여,33,1640 
여,33,1688 
여,26,1662 
여,29,1629 
여,26,1551 
여,27,1520 
여,28,1678 
여,28,1574 
여,29,1650 
여,34,1717 
여,29,1531 
여,29,1655 
여,33,1548 
여,26,1543 
여,25,1608 
여,28,1598 
여,33,1601 
여,26,1590 
남,36,1751 
남,19,1724 
남,19,1814 
남,19,1720 
남,19,1696 
남,19,1682 
남,37,1749 
남,36,1770 
남,36,1805 
남,38,1700 
남,35,1779 
남,38,1736 
남,39,1714 
남,38,1728 
남,36,1672 
남,38,1732 
남,38,1633 
남,38,1682 
남,38,1729 
남,38,1695 
남,36,1687 
남,38,1665 
남,35,1774 
남,37,1675 
남,37,1702 
남,34,1785 
남,36,1709 
남,39,1780 
남,38,1750 
남,39,1805 
남,35,1682 
남,38,1675 
남,38,1780 
남,38,1785 
남,37,1725 
남,36,1690 
남,40,1800 
남,36,1793 
남,32,1814 
남,36,1804 
남,37,1683 
남,38,1713 
남,35,1673 
남,35,1755 
남,35,1705 
남,38,1753 
남,40,1671 
남,34,1667 
남,35,1665 
남,35,1749 
남,35,1682 
남,39,1760 
남,37,1766 
남,38,1700 
남,39,1673 
남,39,1701 
남,37,1691 
남,35,1699 
남,38,1750 
남,68,1678 
남,46,1746 
남,51,1726 
남,23,1664 
남,34,1694 
남,42,1699 
남,48,1674 
남,33,1794 
남,29,1800 
남,31,1761 
남,43,1739 
남,23,1703 
남,50,1766 
남,45,1653 
남,25,1756 
남,25,1683 
남,25,1627 
남,19,1580 
남,23,1650 
남,19,1776 
남,19,1730 
남,19,1673 
남,19,1770 
남,24,1830 
남,24,1656 
남,24,1718 
남,24,1758 
남,23,1683 
남,25,1745 
남,49,1748 
남,18,1680 
남,26,1694 
남,24,1647 
남,24,1769 
남,19,1548 
남,22,1760 
남,22,1605 
남,33,1629 
남,48,1714 
남,46,1613 
남,48,1716 
남,19,1885 
남,24,1695 
남,29,1688 
남,21,1625 
남,47,1825 
남,17,1627 
남,50,1720 
남,54,1715 
남,47,1737 
남,16,1684 
남,17,1688 
남,17,1729 
남,17,1741 
남,16,1710 
남,54,1643 
남,17,1650 
남,48,1759 
남,18,1684 
남,19,1685 
남,18,1665 
남,18,1660 
남,19,1730 
남,18,1761 
남,18,1736 
남,19,1740 
남,18,1684 
남,17,1625 
남,18,1675 
남,18,1704 
남,18,1721 
남,18,1817 
남,18,1714 
남,18,1795 
남,19,1711 
남,18,1672 
남,18,1742 
남,19,1640 
남,18,1760 
남,18,1663 
남,19,1721 
남,18,1629 
남,17,1768 
남,18,1702 
남,55,1740 
남,19,1783 
남,19,1831 
남,18,1777 
남,18,1780 
남,18,1786 
남,18,1709 
남,17,1716 
남,18,1717 
남,17,1746 
남,17,1755 
남,17,1695 
남,18,1683 
남,17,1646 
남,17,1751 
남,17,1767 
남,17,1688 
남,17,1754 
남,16,1686 
남,16,1739 
남,17,1685 
남,17,1743 
남,17,1697 
남,17,1694 
남,17,1799 
남,16,1652 
남,16,1741 
남,20,1827 
남,17,1723 
남,18,1694 
남,18,1649 
남,18,1775 
남,17,1751 
남,18,1782 
남,17,1742 
남,17,1711 
남,17,1679 
남,17,1665 
남,16,1700 
남,16,1680 
남,16,1655 
남,16,1695 
남,17,1757 
남,18,1651 
남,18,1704 
남,18,1686 
남,18,1760 
남,18,1750 
남,18,1778 
남,17,1752 
남,18,1716 
남,18,1769 
남,17,1663 
남,18,1757 
남,18,1711 
남,18,1726 
남,17,1724 
남,18,1772 
남,17,1728 
남,16,1675 
남,17,1726 
남,18,1674 
남,18,1734 
남,18,1774 
남,17,1624 
남,16,1669 
남,16,1778 
남,53,1675 
남,16,1576 
남,17,1753 
남,17,1733 
남,17,1787 
남,17,1770 
남,16,1704 
남,16,1731 
남,16,1661 
남,16,1662 
남,17,1701 
남,17,1835 
남,17,1821 
남,17,1732 
남,17,1711 
남,16,1651 
남,16,1739 
남,17,1698 
남,16,1666 
남,16,1672 
남,16,1813 
남,16,1633 
남,16,1713 
남,16,1726 
남,16,1704 
남,16,1622 
남,16,1675 
남,16,1674 
남,17,1766 
남,17,1766 
남,17,1815 
남,17,1782 
남,17,1726 
남,17,1737 
남,16,1756 
남,19,1645 
남,17,1691 
남,18,1664 
남,18,1725 
남,18,1619 
남,18,1745 
남,17,1746 
남,18,1706 
남,18,1699 
남,18,1791 
남,18,1729 
남,17,1728 
남,19,1760 
남,17,1624 
남,18,1688 
남,18,1703 
남,18,1791 
남,17,1794 
남,17,1617 
남,18,1725 
남,18,1723 
남,16,1754 
남,16,1748 
남,16,1738 
남,16,1788 
남,19,1783 
남,16,1665 
남,16,1799 
남,16,1641 
남,16,1744 
남,16,1723 
남,16,1705 
남,27,1691 
남,40,1828 
남,42,1698 
남,45,1729 
남,63,1663 
남,43,1533 
남,45,1628 
남,54,1683 
남,50,1705 
남,54,1684 
남,54,1683 
남,53,1684 
남,55,1721 
남,59,1670 
남,64,1643 
남,61,1616 
남,41,1680 
남,41,1708 
남,19,1746 
남,49,1680 
남,40,1696 
남,47,1688 
남,53,1705 
남,53,1690 
남,53,1730 
남,44,1663 
남,53,1779 
남,52,1713 
남,42,1789 
남,45,1629 
남,41,1693 
남,45,1624 
남,42,1734 
남,45,1729 
남,54,1695 
남,54,1724 
남,56,1753 
남,20,1783 
남,56,1706 
남,24,1730 
남,56,1695 
남,48,1719 
남,37,1733 
남,19,1833 
남,38,1624 
남,56,1636 
남,51,1624 
남,20,1756 
남,67,1656 
남,53,1723 
남,34,1678 
남,48,1633 
남,33,1770 
남,28,1671 
남,37,1758 
남,24,1861 
남,36,1753 
남,27,1703 
남,45,1682 
남,36,1689 
남,38,1790 
남,43,1743 
남,50,1671 
남,23,1747 
남,23,1831 
남,26,1717 
남,63,1668 
남,69,1608 
남,19,1695 
남,68,1658 
남,62,1681 
남,20,1735 
남,56,1643 
남,19,1794 
남,19,1737 
남,36,1719 
남,41,1698 
남,46,1615 
남,42,1758 
남,25,1686 
남,42,1737 
남,47,1771 
남,49,1745 
남,48,1656 
남,66,1634 
남,44,1658 
남,60,1605 
남,52,1693 
남,31,1825 
남,57,1616 
남,36,1648 
남,43,1719 
남,53,1658 
남,48,1658 
남,59,1799 
남,40,1699 
남,44,1700 
남,51,1603 
남,48,1696 
남,59,1638 
남,39,1637 
남,56,1669 
남,43,1711 
남,20,1827 
남,20,1665 
남,20,1827 
남,20,1696 
남,38,1633 
남,44,1738 
남,45,1709 
남,60,1594 
남,65,1713 
남,44,1631 
남,44,1647 
남,44,1698 
남,17,1783 
남,19,1780 
남,44,1671 
남,31,1676 
남,47,1676 
남,38,1806 
남,63,1673 
남,29,1755 
남,36,1723 
남,40,1661 
남,41,1760 
남,64,1671 
남,63,1682 
남,32,1672 
남,41,1700 
남,52,1707 
남,60,1693 
남,35,1630 
남,37,1713 
남,61,1623 
남,50,1754 
남,63,1586 
남,30,1845 
남,66,1653 
남,36,1719 
남,49,1645 
남,67,1706 
남,64,1585 
남,60,1590 
남,64,1664 
남,55,1695 
남,59,1695 
남,55,1729 
남,24,1824 
남,32,1761 
남,41,1671 
남,69,1584 
남,57,1540 
남,38,1682 
남,54,1705 
남,65,1576 
남,22,1712 
남,22,1738 
남,19,1704 
남,22,1670 
남,51,1713 
남,24,1715 
남,39,1694 
남,24,1825 
남,22,1780 
남,47,1680 
남,44,1721 
남,19,1710 
남,19,1658 
남,19,1860 
남,19,1767 
남,37,1768 
남,67,1677 
남,30,1668 
남,30,1734 
남,66,1650 
남,58,1624 
남,67,1743 
남,69,1612 
남,67,1625 
남,19,1748 
남,22,1827 
남,36,1689 
남,64,1643 
남,66,1632 
남,69,1672 
남,61,1576 
남,23,1793 
남,22,1795 
남,37,1633 
남,58,1640 
남,46,1593 
남,57,1623 
남,23,1785 
남,23,1688 
남,23,1718 
남,53,1582 
남,25,1714 
남,18,1753 
남,23,1793 
남,35,1858 
남,35,1833 
남,21,1724 
남,23,1690 
남,23,1754 
남,25,1755 
남,44,1637 
남,36,1673 
남,45,1626 
남,18,1725 
남,18,1680 
남,18,1756 
남,19,1610 
남,18,1733 
남,23,1815 
남,35,1714 
남,61,1793 
남,27,1868 
남,23,1725 
남,41,1784 
남,60,1629 
남,42,1680 
남,44,1850 
남,42,1763 
남,21,1812 
남,46,1688 
남,17,1715 
남,17,1694 
남,36,1698 
남,49,1669 
남,48,1617 
남,51,1663 
남,32,1809 
남,22,1743 
남,22,1683 
남,22,1840 
남,33,1835 
남,52,1603 
남,42,1726 
남,24,1798 
남,24,1694 
남,50,1651 
남,36,1641 
남,46,1660 
남,33,1727 
남,29,1702 
남,21,1844 
남,68,1560 
남,35,1660 
남,53,1671 
남,49,1649 
남,21,1744 
남,18,1722 
남,44,1691 
남,35,1629 
남,37,1711 
남,20,1859 
남,20,1634 
남,59,1626 
남,19,1779 
남,18,1770 
남,18,1788 
남,18,1754 
남,39,1675 
남,20,1690 
남,50,1740 
남,58,1733 
남,60,1695 
남,57,1715 
남,59,1672 
남,17,1615 
남,17,1635 
남,17,1820 
남,17,1734 
남,17,1734 
남,24,1647 
남,37,1734 
남,16,1752 
남,32,1670 
남,31,1778 
남,36,1703 
남,38,1845 
남,33,1785 
남,43,1804 
남,28,1754 
남,22,1741 
남,41,1740 
남,16,1672 
남,19,1687 
남,19,1736 
남,19,1775 
남,19,1684 
남,19,1793 
남,19,1724 
남,19,1654 
남,19,1777 
남,20,1649 
남,20,1626 
남,21,1860 
남,20,1872 
남,21,1693 
남,23,1704 
남,22,1804 
남,20,1691 
남,23,1793 
남,19,1650 
남,19,1724 
남,23,1758 
남,26,1790 
남,19,1735 
남,19,1757 
남,20,1781 
남,20,1693 
남,20,1795 
남,26,1745 
남,26,1708 
남,23,1736 
남,19,1581 
남,25,1651 
남,26,1705 
남,19,1763 
남,20,1750 
남,20,1744 
남,25,1710 
남,19,1739 
남,20,1760 
남,19,1725 
남,60,1677 
남,17,1699 
남,16,1785 
남,19,1696 
남,19,1681 
남,29,1733 
남,33,1723 
남,19,1721 
남,39,1628 
남,35,1732 
남,19,1859 
남,55,1678 
남,16,1706 
남,16,1696 
남,16,1798 
남,16,1758 
남,16,1771 
남,16,1793 
남,16,1749 
남,16,1694 
남,16,1640 
남,16,1723 
남,16,1674 
남,16,1751 
남,16,1720 
남,16,1649 
남,17,1794 
남,17,1791 
남,17,1740 
남,17,1640 
남,17,1784 
남,39,1770 
남,19,1686 
남,19,1703 
남,19,1776 
남,19,1713 
남,29,1774 
남,16,1718 
남,16,1722 
남,27,1683 
남,25,1727 
남,28,1754 
남,27,1828 
남,29,1723 
남,43,1720 
남,27,1789 
남,25,1705 
남,19,1793 
남,19,1602 
남,32,1840 
남,32,1808 
남,27,1804 
남,16,1715 
남,16,1750 
남,16,1750 
남,27,1710 
남,28,1712 
남,32,1675 
남,35,1770 
남,26,1835 
남,26,1708 
남,27,1698 
남,22,1752 
남,27,1708 
남,24,1661 
남,31,1786 
남,31,1786 
남,39,1687 
남,30,1670 
남,32,1776 
남,29,1796 
남,36,1782 
남,33,1792 
남,31,1729 
남,36,1643 
남,26,1790 
남,26,1750 
남,27,1740 
남,34,1677 
남,34,1777 
남,25,1650 
남,30,1716 
남,32,1635 
남,28,1864 
남,25,1650 
남,31,1801 
남,37,1725 
남,30,1736 
남,34,1702 
남,25,1730 
남,27,1720 
남,25,1635 
남,29,1801 
남,30,1683 
남,36,1727 
남,33,1708 
남,36,1761 
남,33,1739 
남,29,1731 
남,29,1661 
남,33,1773 
남,30,1719 
남,31,1788 
남,38,1749 
남,31,1735 
남,26,1700 
남,32,1755 
남,25,1676 
남,34,1735 
남,28,1655 
남,38,1738 
남,38,1724 
남,30,1742 
남,21,1732 
남,25,1661 
남,30,1694 
남,27,1698 
남,23,1718 
남,32,1816 
남,29,1746 
남,32,1843 
남,26,1756 
남,30,1610 
남,36,1690 
남,26,1660 
남,29,1713 
남,27,1670 
남,33,1804 
남,33,1776 
남,29,1705 
남,24,1736 
남,27,1708 
남,28,1762 
남,33,1736 
남,26,1630 
남,27,1749 
남,31,1675 
남,27,1780 
남,31,1730 
남,34,1784 
남,42,1646 
남,33,1802 
남,26,1625 
남,28,1635 
남,27,1645 
남,32,1664 
남,26,1696 
남,25,1680 
남,28,1762 
남,25,1650 
남,26,1650 
남,29,1703 
남,25,1750 
남,26,1674 
남,24,1626 
남,31,1702 
남,30,1680 
남,25,1853 
남,25,1798 
남,25,1757 
남,26,1756 
남,24,1805 
남,25,1800 
남,34,1797 
남,26,1775 
남,39,1716 
남,39,1706 
남,37,1716 
남,38,1738 
남,38,1666 
남,36,1700 
남,40,1680 
남,39,1745 
남,39,1714 
남,37,1711 
남,29,1724 
남,36,1671 
남,35,1674 
남,23,1763 
남,36,1691 
남,27,1805 
남,32,1749 
남,34,1816 
남,35,1819 
남,33,1763 
남,28,1747 
남,28,1790 
남,35,1799 
남,17,1755 
남,27,1719 
남,26,1736 
남,34,1736 
남,29,1762 
남,40,1746 
남,37,1694 
남,38,1791 
남,28,1795 
남,28,1732 
남,35,1796 
남,34,1764 
남,37,1764 
남,32,1783 
남,39,1691 
남,35,1714 
남,39,1658 
남,37,1784 
남,30,1824 
남,29,1714 
남,33,1734 
남,32,1788 
남,34,1718 
남,38,1813 
남,35,1622 
남,34,1800 
남,36,1700 
남,34,1674 
남,37,1706 
남,28,1694 
남,37,1856 
남,27,1764 
남,38,1865 
남,32,1820 
남,37,1758 
남,30,1747 
남,26,1748 
남,26,1761 
남,27,1690 
남,26,1715 
남,31,1812 
남,28,1777 
남,27,1734 
남,25,1727 
남,34,1861 
남,32,1677 
남,32,1835 
남,33,1704 
남,39,1638 
남,34,1701 
남,28,1711 
남,28,1675 
남,39,1712 
남,26,1767 
남,34,1766 
남,35,1695 
남,37,1742 
남,39,1724 
남,32,1663 
남,25,1743 
남,39,1729 
남,26,1728 
남,45,1673 
남,42,1650 
남,44,1703 
남,46,1681 
남,43,1709 
남,44,1704 
남,45,1762 
남,45,1719 
남,47,1725 
남,48,1673 
남,49,1686 
남,26,1770 
남,26,1588 
남,26,1641 
남,30,1710 
남,28,1683 
남,28,1708 
남,36,1690 
남,67,1701 
남,17,1681 
남,65,1708 
남,16,1628 
남,54,1728 
남,19,1685 
남,32,1695 
남,54,1754 
남,19,1710 
남,54,1710 
남,51,1720 
남,39,1686 
남,19,1725 
남,17,1653 
남,17,1713 
남,56,1605 
남,57,1687 
남,35,1673 
남,43,1703 
남,38,1784 
남,32,1759 
남,59,1618 
남,50,1730 
남,32,1804 
남,53,1582 
남,37,1797 
남,32,1773 
남,17,1668 
남,16,1737 
남,34,1746 
남,35,1741 
남,32,1723 
남,62,1620 
남,67,1663 
남,33,1733 
남,51,1726 
남,39,1703 
남,56,1777 
남,68,1760 
남,66,1656 
남,61,1650 
남,36,1669 
남,54,1679 
남,55,1655 
남,30,1825 
남,48,1715 
남,62,1635 
남,51,1674 
남,62,1586 
남,67,1566 
남,63,1610 
남,63,1752 
남,37,1773 
남,19,1720 
남,19,1678 
남,39,1743 
남,17,1614 
남,17,1734 
남,19,1680 
남,17,1688 
남,17,1633 
남,31,1713 
남,59,1610 
남,45,1711 
남,66,1746 
남,63,1609 
남,17,1628 
남,19,1637 
남,29,1740 
남,68,1730 
남,61,1648 
남,64,1684 
남,37,1785 
남,33,1685 
남,62,1613 
남,30,1671 
남,43,1796 
남,51,1805 
남,36,1838 
남,32,1646 
남,53,1760 
남,34,1710 
남,53,1640 
남,32,1712 
남,61,1701 
남,25,1796 
남,25,1673 
남,51,1693 
남,61,1676 
남,50,1654 
남,22,1706 
남,31,1681 
남,27,1716 
남,23,1777 
남,38,1758 
남,56,1652 
남,22,1781 
남,36,1710 
남,18,1698 
남,22,1701 
남,46,1651 
남,29,1693 
남,22,1799 
남,19,1720 
남,22,1780 
남,22,1738 
남,26,1624 
남,25,1736 
남,19,1732 
남,19,1648 
남,19,1730 
남,19,1844 
남,37,1750 
남,20,1694 
남,40,1692 
남,32,1668 
남,44,1637 
남,53,1636 
남,33,1766 
남,42,1783 
남,42,1697 
남,29,1708 
남,16,1644 
남,16,1627 
남,33,1671 
남,37,1690 
남,41,1739 
남,23,1714 
남,31,1674 
남,23,1689 
남,34,1796 
남,22,1801 
남,19,1625 
남,25,1760 
남,22,1695 
남,48,1642 
남,16,1656 
남,16,1794 
남,16,1750 
남,22,1769 
남,22,1734 
남,22,1774 
남,22,1780 
남,22,1750 
남,49,1703 
남,44,1596 
남,45,1719 
남,31,1699 
남,19,1678 
남,20,1754 
남,19,1660 
남,22,1688 
남,16,1766 
남,16,1700 
남,19,1722 
남,22,1767 
남,22,1785 
남,28,1774 
남,22,1803 
남,22,1645 
남,31,1745 
남,22,1761 
남,22,1750 
남,16,1760 
남,16,1773 
남,16,1768 
남,26,1757 
남,26,1703 
남,16,1710 
남,16,1707 
남,25,1794 
남,16,1788 
남,25,1768 
남,31,1626 
남,22,1635 
남,21,1694 
남,21,1664 
남,21,1716 
남,25,1725 
남,43,1695 
남,17,1727 
남,22,1760 
남,17,1713 
남,17,1689 
남,17,1666 
남,24,1898 
남,24,1674 
남,17,1784 
남,21,1874 
남,44,1676 
남,18,1713 
남,16,1818 
남,29,1680 
남,40,1720 
남,35,1745 
남,16,1694 
남,16,1660 
남,17,1710 
남,41,1755 
남,17,1715 
남,17,1767 
남,19,1707 
남,19,1734 
남,17,1710 
남,23,1750 
남,17,1712 
남,18,1763 
남,49,1721 
남,19,1726 
남,18,1784 
남,45,1685 
남,27,1762 
남,24,1716 
남,18,1696 
남,32,1735 
남,17,1728 
남,17,1750 
남,16,1697 
남,16,1701 
남,16,1694 
남,26,1702 
남,16,1766 
남,23,1876 
남,23,1790 
남,17,1757 
남,33,1788 
남,34,1659 
남,32,1768 
남,18,1807 
남,18,1722 
남,18,1772 
남,18,1787 
남,16,1645 
남,18,1727 
남,18,1673 
남,20,1589 
남,20,1679 
남,29,1719 
남,37,1743 
남,38,1673 
남,36,1858 
남,18,1824 
남,33,1708 
남,27,1693 
남,17,1693 
남,17,1755 
남,17,1799 
남,17,1675 
남,34,1734 
남,18,1779 
남,18,1724 
남,19,1614 
남,18,1905 
남,17,1675 
남,17,1654 
남,28,1733 
남,38,1681 
남,17,1625 
남,17,1775 
남,18,1724 
남,35,1804 
남,37,1624 
남,22,1701 
남,20,1636 
남,16,1628 
남,38,1731 
남,19,1798 
남,45,1706 
남,37,1727 
남,17,1628 
남,17,1684 
남,22,1810 
남,19,1696 
남,39,1644 
남,39,1726 
남,16,1688 
남,16,1736 
남,16,1694 
남,18,1731 
남,16,1729 
남,18,1753 
남,18,1770 
남,18,1728 
남,18,1824 
남,18,1717 
남,18,1750 
남,18,1795 
남,25,1788 
남,19,1756 
남,16,1719 
남,18,1745 
남,19,1706 
남,26,1770 
남,26,1735 
남,19,1685 
남,16,1655 
남,16,1690 
남,25,1750 
남,26,1761 
남,37,1703 
남,63,1576 
남,32,1791 
남,53,1703 
남,63,1681 
남,66,1602 
남,17,1692 
남,17,1761 
남,19,1759 
남,16,1810 
남,16,1803 
남,16,1733 
남,16,1657 
남,16,1651 
남,16,1734 
남,16,1848 
남,16,1843 
남,16,1798 
남,16,1645 
남,17,1765 
남,17,1807 
남,17,1840 
남,17,1716 
남,17,1725 
남,17,1755 
남,17,1681 
남,17,1819 
남,17,1676 
남,17,1758 
남,17,1793 
남,17,1665 
남,17,1752 
남,17,1723 
남,17,1749 
남,16,1717 
남,18,1814 
남,17,1894 
남,18,1819 
남,18,1800 
남,18,1609 
남,18,1684 
남,18,1691 
남,18,1729 
남,18,1784 
남,18,1691 
남,18,1638 
남,18,1732 
남,18,1736 
남,18,1670 
남,18,1853 
남,18,1761 
남,18,1804 
남,18,1837 
남,18,1733 
남,18,1667 
남,18,1623 
남,55,1594 
남,57,1701 
남,19,1636 
남,17,1717 
남,18,1744 
남,17,1663 
남,17,1805 
남,16,1748 
남,16,1727 
남,17,1820 
남,17,1735 
남,17,1837 
남,17,1701 
남,17,1728 
남,17,1646 
남,16,1798 
남,16,1703 
남,17,1646 
남,18,1748 
남,17,1623 
남,17,1718 
남,18,1679 
남,19,1798 
남,16,1722 
남,16,1714 
남,16,1676 
남,24,1673 
남,24,1745 
남,16,1733 
남,16,1690 
남,60,1704 
남,16,1740 
남,16,1641 
남,51,1704 
남,57,1659 
남,19,1775 
남,53,1629 
남,65,1638 
남,47,1752 
남,56,1631 
남,44,1720 
남,62,1354 
남,68,1594 
남,50,1658 
남,65,1639 
남,35,1713 
남,56,1620 
남,61,1688 
남,59,1571 
남,59,1651 
남,66,1603 
남,61,1573 
남,50,1676 
남,61,1568 
남,57,1745 
남,61,1606 
남,58,1623 
남,48,1629 
남,66,1598 
남,22,1703 
남,62,1646 
남,61,1594 
남,60,1580 
남,54,1633 
남,59,1664 
남,62,1670 
남,56,1720 
남,59,1738 
남,56,1571 
남,45,1709 
남,58,1650 
남,59,1735 
남,59,1735 
남,53,1624 
남,54,1625 
남,57,1653 
남,49,1630 
남,35,1692 
남,21,1783 
남,34,1625 
남,37,1683 
남,38,1735 
남,39,1660 
남,33,1726 
남,50,1589 
남,41,1766 
남,56,1562 
남,44,1703 
남,59,1688 
남,26,1646 
남,19,1745 
남,20,1716 
남,19,1752 
남,19,1782 
남,19,1749 
남,48,1725 
남,30,1720 
남,48,1688 
남,47,1683 
남,38,1738 
남,20,1750 
남,33,1801 
남,19,1750 
남,19,1765 
남,45,1647 
남,30,1692 
남,18,1690 
남,33,1686 
남,19,1661 
남,20,1682 
남,21,1782 
남,19,1788 
남,32,1725 
남,19,1840 
남,48,1774 
남,19,1709 
남,20,1725 
남,20,1710 
남,19,1653 
남,46,1735 
남,19,1786 
남,41,1734 
남,51,1729 
남,44,1643 
남,25,1741 
남,25,1844 
남,26,1766 
남,16,1782 
남,43,1662 
남,17,1694 
남,16,1715 
남,16,1775 
남,19,1703 
남,19,1678 
남,19,1665 
남,16,1702 
남,16,1712 
남,17,1683 
남,19,1775 
남,48,1649 
남,16,1677 
남,17,1715 
남,37,1651 
남,40,1700 
남,19,1783 
남,21,1700 
남,19,1713 
남,20,1700 
남,19,1685 
남,20,1750 
남,21,1778 
남,21,1601 
남,45,1560 
남,48,1753 
남,24,1817 
남,19,1773 
남,24,1725 
남,24,1775 
남,47,1743 
남,35,1723 
남,16,1727 
남,47,1709 
남,42,1747 
남,44,1696 
남,19,1680 
남,19,1721 
남,33,1724 
남,23,1730 
남,22,1679 
남,24,1796 
남,24,1760 
남,42,1792 
남,24,1666 
남,47,1782 
남,45,1626 
남,47,1725 
남,24,1715 
남,24,1814 
남,24,1769 
남,38,1754 
남,34,1688 
남,24,1730 
남,24,1820 
남,20,1899 
남,25,1777 
남,24,1746 
남,25,1722 
남,46,1680 
남,38,1755 
남,39,1750 
남,19,1774 
남,20,1693 
남,36,1733 
남,25,1769 
남,16,1763 
남,63,1623 
남,53,1629 
남,37,1711 
남,29,1724 
남,26,1892 
남,25,1790 
남,26,1754 
남,25,1683 
남,25,1733 
남,26,1723 
남,25,1774 
남,25,1703 
남,26,1764 
남,26,1773 
남,27,1743 
남,19,1694 
남,30,1835 
남,25,1789 
남,25,1803 
남,25,1706 
남,25,1779 
남,29,1753 
남,29,1627 
남,28,1885 
남,29,1677 
남,26,1746 
남,28,1687 
남,30,1663 
남,21,1806 
남,21,1698 
남,21,1746 
남,26,1731 
남,26,1672 
남,19,1682 
남,19,1706 
남,19,1784 
남,25,1651 
남,25,1678 
남,25,1685 
남,30,1700 
남,35,1691 
남,29,1742 
남,25,1739 
남,39,1702 
남,36,1617 
남,31,1725 
남,37,1642 
남,36,1738 
남,35,1783 
남,35,1678 
남,33,1709 
남,33,1780 
남,24,1689 
남,34,1709 
남,36,1690 
남,34,1784 
남,33,1730 
남,34,1750 
남,39,1664 
남,39,1695 
남,34,1738 
남,34,1799 
남,31,1767 
남,31,1737 
남,39,1717 
남,30,1725 
남,31,1690 
남,31,1688 
남,37,1704 
남,30,1729 
남,33,1723 
남,31,1689 
남,32,1747 
남,37,1747 
남,38,1716 
남,39,1707 
남,36,1704 
남,38,1662 
남,31,1748 
남,38,1721 
남,34,1760 
남,38,1676 
남,45,1684 
남,19,1811 
남,20,1779 
남,19,1675 
남,19,1675 
남,19,1775 
여,24,1600 
여,21,1578 
여,25,1655 
여,59,1523 
여,25,1600 
여,21,1497 
여,21,1616 
여,21,1660 
여,32,1647 
여,25,1581 
여,18,1595 
여,19,1590 
여,62,1611 
여,19,1544 
여,61,1445 
여,22,1595 
여,19,1614 
여,21,1606 
여,22,1613 
여,19,1560 
여,22,1665 
여,40,1622 
여,19,1606 
여,19,1557 
여,44,1585 
여,19,1582 
여,18,1606 
여,19,1658 
여,17,1665 
여,21,1675 
여,21,1532 
여,19,1604 
여,23,1619 
여,19,1573 
여,19,1623 
여,19,1553 
여,19,1540 
여,19,1660 
여,21,1580 
여,19,1536 
여,22,1567 
여,23,1617 
여,24,1642 
여,22,1624 
여,20,1682 
여,27,1691 
여,20,1645 
여,20,1633 
여,20,1720 
여,21,1615 
여,19,1678 
여,19,1572 
여,19,1566 
여,19,1564 
여,20,1559 
여,20,1558 
여,22,1659 
여,20,1540 
여,20,1549 
여,48,1454 
여,55,1544 
여,17,1613 
여,18,1576 
여,18,1644 
여,18,1603 
여,19,1531 
여,18,1635 
여,18,1638 
여,19,1553 
여,18,1531 
여,18,1486 
여,17,1694 
여,17,1624 
여,16,1593 
여,17,1605 
여,16,1572 
여,16,1642 
여,17,1580 
여,17,1603 
여,16,1621 
여,17,1639 
여,17,1572 
여,17,1581 
여,18,1603 
여,18,1531 
여,18,1566 
여,16,1620 
여,16,1670 
여,16,1591 
여,16,1610 
여,16,1590 
여,17,1562 
여,16,1664 
여,16,1566 
여,16,1687 
여,16,1568 
여,16,1649 
여,16,1615 
여,16,1563 
여,17,1625 
여,17,1600 
여,17,1550 
여,16,1571 
여,17,1575 
여,16,1654 
여,16,1581 
여,16,1606 
여,17,1556 
여,16,1543 
여,17,1605 
여,17,1558 
여,17,1639 
여,17,1480 
여,16,1600 
여,18,1554 
여,18,1639 
여,17,1620 
여,18,1532 
여,18,1627 
여,18,1626 
여,16,1496 
여,16,1620 
여,16,1683 
여,16,1644 
여,16,1537 
여,16,1590 
여,16,1625 
여,16,1693 
여,16,1456 
여,16,1509 
여,17,1686 
여,16,1640 
여,16,1625 
여,16,1591 
여,16,1560 
여,17,1652 
여,17,1604 
여,16,1553 
여,18,1557 
여,18,1586 
여,18,1652 
여,18,1617 
여,18,1636 
여,17,1639 
여,17,1546 
여,17,1685 
여,17,1645 
여,18,1602 
여,18,1532 
여,64,1585 
여,56,1560 
여,60,1488 
여,58,1564 
여,55,1443 
여,58,1493 
여,52,1560 
여,56,1562 
여,51,1479 
여,57,1468 
여,58,1503 
여,50,1588 
여,42,1536 
여,36,1547 
여,29,1583 
여,53,1499 
여,54,1520 
여,54,1547 
여,68,1575 
여,56,1579 
여,52,1573 
여,54,1528 
여,49,1518 
여,57,1499 
여,55,1516 
여,25,1560 
여,36,1521 
여,37,1592 
여,68,1535 
여,43,1562 
여,43,1585 
여,38,1574 
여,57,1528 
여,68,1480 
여,58,1560 
여,36,1580 
여,41,1521 
여,36,1456 
여,68,1469 
여,68,1507 
여,53,1575 
여,54,1549 
여,55,1576 
여,43,1448 
여,18,1622 
여,44,1659 
여,32,1576 
여,30,1634 
여,49,1545 
여,52,1598 
여,49,1544 
여,61,1542 
여,60,1534 
여,49,1622 
여,64,1588 
여,68,1480 
여,40,1628 
여,39,1621 
여,30,1542 
여,57,1562 
여,25,1647 
여,49,1560 
여,44,1520 
여,56,1560 
여,44,1519 
여,25,1638 
여,52,1525 
여,69,1416 
여,57,1619 
여,37,1554 
여,34,1574 
여,42,1612 
여,17,1640 
여,32,1617 
여,37,1652 
여,45,1530 
여,20,1590 
여,20,1556 
여,21,1562 
여,38,1496 
여,47,1495 
여,54,1571 
여,22,1585 
여,51,1570 
여,43,1600 
여,66,1562 
여,35,1599 
여,45,1490 
여,18,1480 
여,33,1619 
여,42,1590 
여,58,1472 
여,55,1546 
여,27,1602 
여,23,1627 
여,42,1620 
여,42,1536 
여,65,1508 
여,39,1495 
여,37,1522 
여,58,1492 
여,63,1538 
여,43,1505 
여,35,1538 
여,51,1470 
여,54,1550 
여,60,1484 
여,54,1521 
여,54,1625 
여,41,1562 
여,36,1610 
여,52,1512 
여,54,1542 
여,62,1394 
여,40,1606 
여,51,1476 
여,52,1541 
여,53,1602 
여,29,1629 
여,19,1596 
여,60,1530 
여,42,1710 
여,44,1600 
여,61,1477 
여,44,1562 
여,55,1511 
여,37,1600 
여,36,1556 
여,18,1609 
여,60,1620 
여,28,1657 
여,44,1582 
여,21,1647 
여,40,1567 
여,56,1488 
여,44,1585 
여,48,1567 
여,46,1615 
여,52,1562 
여,68,1518 
여,58,1485 
여,42,1565 
여,41,1525 
여,55,1550 
여,60,1448 
여,60,1507 
여,53,1472 
여,41,1558 
여,19,1618 
여,45,1539 
여,20,1602 
여,54,1495 
여,63,1516 
여,61,1595 
여,28,1618 
여,38,1585 
여,58,1480 
여,66,1462 
여,35,1645 
여,44,1497 
여,44,1492 
여,63,1473 
여,18,1621 
여,18,1646 
여,18,1570 
여,18,1567 
여,18,1530 
여,18,1568 
여,57,1519 
여,20,1639 
여,63,1519 
여,48,1509 
여,52,1470 
여,30,1519 
여,40,1509 
여,33,1552 
여,35,1569 
여,47,1635 
여,36,1588 
여,26,1582 
여,54,1540 
여,51,1580 
여,54,1526 
여,52,1505 
여,49,1510 
여,44,1535 
여,47,1530 
여,19,1600 
여,67,1567 
여,65,1531 
여,41,1518 
여,64,1581 
여,46,1475 
여,47,1588 
여,20,1625 
여,20,1650 
여,33,1515 
여,23,1545 
여,18,1655 
여,18,1583 
여,67,1570 
여,67,1492 
여,63,1486 
여,22,1591 
여,65,1466 
여,33,1565 
여,43,1667 
여,47,1562 
여,19,1534 
여,19,1589 
여,17,1595 
여,61,1534 
여,47,1614 
여,35,1580 
여,47,1596 
여,40,1566 
여,16,1585 
여,16,1545 
여,33,1572 
여,42,1619 
여,65,1526 
여,61,1552 
여,63,1463 
여,65,1478 
여,66,1498 
여,64,1546 
여,63,1442 
여,61,1494 
여,27,1572 
여,32,1547 
여,66,1524 
여,32,1550 
여,21,1658 
여,21,1590 
여,69,1503 
여,59,1528 
여,62,1510 
여,37,1569 
여,39,1622 
여,65,1503 
여,48,1492 
여,49,1539 
여,21,1520 
여,22,1580 
여,19,1635 
여,18,1505 
여,18,1610 
여,18,1645 
여,27,1540 
여,31,1503 
여,48,1516 
여,46,1514 
여,25,1512 
여,37,1472 
여,43,1515 
여,21,1517 
여,21,1600 
여,35,1557 
여,27,1602 
여,39,1572 
여,68,1567 
여,67,1500 
여,62,1580 
여,23,1635 
여,42,1645 
여,45,1700 
여,43,1522 
여,37,1677 
여,41,1565 
여,34,1620 
여,21,1627 
여,18,1638 
여,18,1585 
여,16,1585 
여,28,1680 
여,48,1624 
여,16,1710 
여,18,1574 
여,18,1565 
여,20,1561 
여,44,1595 
여,40,1548 
여,47,1585 
여,34,1591 
여,38,1577 
여,38,1580 
여,34,1552 
여,42,1504 
여,43,1589 
여,33,1537 
여,62,1500 
여,46,1604 
여,45,1531 
여,35,1545 
여,47,1585 
여,48,1523 
여,45,1490 
여,21,1555 
여,58,1525 
여,64,1573 
여,66,1517 
여,38,1580 
여,39,1635 
여,20,1586 
여,23,1625 
여,50,1601 
여,36,1562 
여,40,1484 
여,40,1476 
여,34,1649 
여,49,1539 
여,41,1540 
여,23,1535 
여,49,1600 
여,21,1630 
여,46,1557 
여,48,1568 
여,17,1461 
여,52,1510 
여,38,1621 
여,60,1531 
여,54,1669 
여,63,1550 
여,53,1594 
여,22,1455 
여,22,1539 
여,23,1512 
여,49,1531 
여,18,1604 
여,19,1517 
여,63,1451 
여,59,1521 
여,62,1621 
여,63,1452 
여,20,1535 
여,18,1575 
여,18,1617 
여,51,1596 
여,59,1510 
여,18,1558 
여,18,1602 
여,18,1659 
여,18,1596 
여,53,1535 
여,53,1557 
여,55,1496 
여,58,1495 
여,55,1528 
여,58,1511 
여,53,1541 
여,29,1658 
여,58,1568 
여,55,1596 
여,24,1581 
여,21,1532 
여,18,1630 
여,18,1638 
여,34,1581 
여,41,1519 
여,19,1575 
여,20,1580 
여,34,1569 
여,32,1700 
여,17,1557 
여,21,1545 
여,21,1602 
여,21,1627 
여,19,1570 
여,20,1627 
여,19,1650 
여,19,1600 
여,21,1589 
여,21,1569 
여,19,1594 
여,22,1619 
여,21,1506 
여,22,1614 
여,22,1547 
여,22,1595 
여,22,1645 
여,19,1593 
여,20,1560 
여,19,1578 
여,23,1665 
여,20,1580 
여,21,1610 
여,21,1608 
여,22,1682 
여,51,1490 
여,58,1477 
여,54,1452 
여,55,1522 
여,50,1522 
여,58,1509 
여,33,1628 
여,19,1600 
여,19,1646 
여,21,1522 
여,21,1589 
여,19,1560 
여,26,1676 
여,19,1470 
여,19,1495 
여,19,1566 
여,19,1635 
여,19,1589 
여,34,1587 
여,19,1518 
여,19,1558 
여,17,1630 
여,34,1579 
여,33,1652 
여,33,1558 
여,19,1638 
여,19,1544 
여,19,1587 
여,16,1571 
여,16,1676 
여,16,1726 
여,16,1704 
여,16,1475 
여,19,1584 
여,17,1635 
여,39,1612 
여,39,1624 
여,56,1630 
여,16,1618 
여,16,1636 
여,17,1557 
여,16,1615 
여,19,1655 
여,19,1569 
여,19,1590 
여,25,1624 
여,27,1656 
여,33,1631 
여,25,1670 
여,27,1552 
여,16,1496 
여,38,1646 
여,40,1516 
여,34,1610 
여,34,1669 
여,34,1568 
여,39,1690 
여,33,1618 
여,36,1628 
여,39,1680 
여,37,1575 
여,36,1632 
여,33,1590 
여,36,1587 
여,16,1575 
여,16,1569 
여,16,1528 
여,16,1604 
여,16,1539 
여,16,1666 
여,16,1644 
여,16,1616 
여,16,1621 
여,17,1616 
여,19,1564 
여,16,1598 
여,17,1594 
여,17,1551 
여,16,1504 
여,16,1624 
여,39,1623 
여,16,1624 
여,39,1540 
여,38,1626 
여,36,1645 
여,34,1588 
여,16,1555 
여,34,1594 
여,16,1586 
여,36,1629 
여,19,1660 
여,37,1669 
여,35,1613 
여,34,1591 
여,37,1685 
여,39,1588 
여,39,1640 
여,36,1664 
여,33,1587 
여,34,1612 
여,34,1531 
여,31,1700 
여,31,1531 
여,30,1628 
여,27,1613 
여,22,1616 
여,37,1587 
여,32,1583 
여,34,1557 
여,39,1673 
여,34,1646 
여,39,1557 
여,36,1612 
여,39,1634 
여,33,1562 
여,17,1599 
여,30,1565 
여,17,1579 
여,34,1664 
여,38,1606 
여,40,1515 
여,17,1550 
여,17,1632 
여,17,1595 
여,33,1687 
여,17,1652 
여,33,1558 
여,17,1606 
여,30,1628 
여,38,1575 
여,33,1627 
여,33,1565 
여,34,1543 
여,21,1606 
여,26,1604 
여,25,1682 
여,26,1744 
여,19,1646 
여,21,1622 
여,17,1618 
여,25,1642 
여,17,1638 
여,35,1578 
여,38,1564 
여,39,1571 
여,32,1626 
여,26,1573 
여,32,1664 
여,40,1646 
여,34,1590 
여,40,1646 
여,38,1670 
여,34,1643 
여,63,1638 
여,32,1530 
여,27,1525 
여,28,1626 
여,35,1594 
여,17,1570 
여,30,1554 
여,32,1580 
여,39,1636 
여,40,1606 
여,38,1619 
여,40,1567 
여,26,1670 
여,31,1593 
여,37,1669 
여,39,1640 
여,29,1601 
여,31,1680 
여,27,1628 
여,27,1564 
여,26,1615 
여,26,1646 
여,25,1568 
여,25,1602 
여,33,1554 
여,33,1664 
여,39,1645 
여,38,1580 
여,31,1556 
여,32,1716 
여,36,1508 
여,25,1584 
여,27,1560 
여,31,1690 
여,26,1666 
여,25,1656 
여,25,1588 
여,28,1560 
여,37,1477 
여,34,1530 
여,35,1500 
여,35,1586 
여,29,1610 
여,38,1605 
여,38,1635 
여,38,1574 
여,39,1570 
여,31,1570 
여,39,1570 
여,30,1622 
여,38,1556 
여,38,1507 
여,39,1672 
여,38,1648 
여,25,1699 
여,38,1628 
여,25,1645 
여,22,1696 
여,25,1524 
여,21,1574 
여,26,1630 
여,21,1720 
여,37,1576 
여,19,1574 
여,19,1580 
여,19,1556 
여,16,1590 
여,29,1644 
여,25,1616 
여,29,1538 
여,26,1578 
여,28,1548 
여,26,1570 
여,29,1534 
여,26,1655 
여,29,1582 
여,26,1670 
여,32,1600 
여,25,1516 
여,33,1536 
여,34,1611 
여,28,1596 
여,28,1514 
여,34,1593 
여,28,1605 
여,26,1556 
여,22,1556 
여,29,1567 
여,30,1587 
여,34,1608 
여,31,1603 
여,33,1636 
여,26,1585 
여,26,1620 
여,32,1684 
여,27,1646 
여,54,1549 
여,32,1546 
여,31,1545 
여,32,1555 
여,28,1553 
여,28,1494 
여,26,1610 
여,55,1505 
여,25,1614 
여,58,1543 
여,27,1580 
여,55,1537 
여,55,1619 
여,55,1542 
여,58,1580 
여,17,1640 
여,33,1562 
여,64,1546 
여,60,1580 
여,21,1720 
여,22,1606 
여,46,1620 
여,62,1534 
여,50,1549 
여,16,1517 
여,19,1641 
여,18,1584 
여,19,1613 
여,19,1726 
여,20,1623 
여,23,1646 
여,17,1563 
여,17,1705 
여,16,1649 
여,16,1626 
여,17,1631 
여,17,1650 
여,17,1501 
여,17,1575 
여,54,1546 
여,44,1460 
여,68,1474 
여,60,1504 
여,60,1535 
여,48,1569 
여,45,1525 
여,46,1570 
여,26,1603 
여,19,1588 
여,29,1606 
여,30,1578 
여,25,1584 
여,25,1612 
여,60,1536 
여,31,1575 
여,29,1581 
여,31,1570 
여,27,1628 
여,60,1545 
여,61,1534 
여,29,1561 
여,27,1584 
여,63,1566 
여,19,1602 
여,34,1525 
여,53,1580 
여,49,1666 
여,19,1558 
여,46,1456 
여,64,1620 
여,56,1530 
여,58,1528 
여,19,1510 
여,46,1608 
여,63,1558 
여,63,1498 
여,51,1519 
여,36,1428 
여,47,1477 
여,61,1595 
여,19,1565 
여,59,1460 
여,61,1567 
여,19,1596 
여,59,1619 
여,61,1554 
여,61,1549 
여,61,1509 
여,34,1607 
여,68,1506 
여,62,1569 
여,66,1543 
여,32,1571 
여,62,1565 
여,51,1506 
여,38,1620 
여,62,1558 
여,27,1625 
여,23,1678 
여,30,1516 
여,65,1496 
여,58,1534 
여,55,1585 
여,52,1560 
여,55,1458 
여,58,1541 
여,51,1570 
여,17,1542 
여,37,1506 
여,63,1546 
여,59,1555 
여,23,1687 
여,23,1612 
여,32,1617 
여,31,1544 
여,51,1515 
여,23,1600 
여,31,1602 
여,51,1560 
여,50,1528 
여,58,1612 
여,64,1497 
여,60,1615 
여,62,1567 
여,60,1560 
여,25,1529 
여,16,1535 
여,43,1558 
여,23,1598 
여,44,1584 
여,45,1575 
여,18,1625 
여,18,1594 
여,41,1689 
여,23,1555 
여,19,1619 
여,45,1482 
여,34,1535 
여,45,1500 
여,20,1526 
여,52,1605 
여,16,1685 
여,46,1658 
여,23,1585 
여,54,1607 
여,56,1607 
여,47,1502 
여,56,1481 
여,48,1599 
여,46,1538 
여,20,1591 
여,58,1549 
여,25,1577 
여,34,1504 
여,54,1554 
여,44,1552 
여,58,1525 
여,58,1565 
여,49,1660 
여,35,1529 
여,50,1516 
여,47,1573 
여,51,1517 
여,35,1505 
여,40,1526 
여,43,1655 
여,37,1596 
여,34,1657 
여,35,1496 
여,38,1760 
여,38,1549 
여,56,1488 
여,50,1544 
여,41,1565 
여,38,1595 
여,21,1642 
여,24,1655 
여,33,1612 
여,26,1635 
여,40,1566 
여,19,1655 
여,20,1580 
여,55,1531 
여,58,1539 
여,22,1629 
여,51,1569 
여,30,1529 
여,46,1573 
여,49,1545 
여,54,1579 
여,35,1560 
여,28,1452 
여,54,1461 
여,19,1581 
여,19,1564 
여,34,1582 
여,48,1524 
여,47,1566 
여,47,1584 
여,51,1597 
여,21,1574 
여,46,1563 
여,19,1570 
여,19,1488 
여,19,1566 
여,35,1515 
여,45,1581 
여,55,1608 
여,16,1542 
여,46,1498 
여,51,1686 
여,25,1756 
여,49,1538 
여,18,1482 
여,23,1508 
여,23,1626 
여,22,1500 
여,21,1571 
여,33,1684 
여,28,1590 
여,21,1606 
여,55,1536 
여,32,1616 
여,46,1514 
여,38,1609 
여,34,1596 
여,37,1659 
여,37,1567 
여,23,1586 
여,19,1656 
여,19,1552 
여,19,1586 
여,30,1572 
여,21,1545 
여,20,1545 
여,31,1580 
여,38,1593 
여,35,1569 
여,20,1624 
여,20,1541 
여,18,1604 
여,18,1546 
여,19,1582 
여,16,1532 
여,22,1685 
여,16,1532 
여,25,1703 
여,26,1539 
여,28,1529 
여,39,1539 
여,28,1576 
여,18,1686 
여,18,1699 
여,18,1665 
여,36,1600 
여,31,1562 
여,23,1550 
여,25,1622 
여,36,1575 
여,39,1474 
여,28,1620 
여,28,1626 
여,17,1645 
여,18,1645 
여,18,1570 
여,26,1568 
여,20,1613 
여,22,1506 
여,16,1543 
여,21,1555 
여,21,1630 
여,17,1706 
여,17,1551 
여,36,1571 
여,36,1622 
여,20,1499 
여,20,1634 
여,20,1606 
여,16,1600 
여,16,1644 
여,16,1606 
여,16,1530 
여,16,1613 
여,20,1579 
여,20,1596 
여,29,1484 
여,21,1670 
여,28,1704 
여,19,1564 
여,25,1568 
여,18,1512 
여,18,1560 
여,23,1576 
여,22,1534 
여,33,1585 
여,31,1648 
여,28,1625 
여,18,1630 
여,18,1537 
여,17,1577 
여,17,1560 
여,17,1575 
여,17,1491 
여,16,1582 
여,16,1538 
여,16,1630 
여,16,1496 
여,16,1592 
여,18,1631 
여,17,1602 
여,17,1554 
여,27,1676 
여,34,1628 
여,31,1628 
여,16,1569 
여,16,1505 
여,31,1615 
여,40,1546 
여,18,1620 
여,32,1572 
여,29,1559 
여,19,1630 
여,19,1623 
여,16,1590 
여,16,1626 
여,16,1590 
여,16,1614 
여,33,1575 
여,23,1616 
여,26,1591 
여,36,1581 
여,34,1598 
여,18,1640 
여,18,1547 
여,17,1539 
여,17,1563 
여,18,1516 
여,18,1602 
여,18,1513 
여,19,1576 
여,16,1655 
여,16,1590 
여,18,1768 
여,16,1677 
여,17,1506 
여,17,1580 
여,17,1591 
여,19,1548 
여,17,1496 
여,17,1664 
여,17,1494 
여,17,1496 
여,19,1558 
여,19,1528 
여,18,1548 
여,17,1528 
여,17,1615 
여,16,1610 
여,16,1568 
여,16,1499 
여,17,1539 
여,16,1608 
여,17,1584 
여,17,1558 
여,18,1563 
여,17,1505 
여,16,1650 
여,17,1469 
여,16,1573 
여,20,1675 
여,16,1583 
여,17,1656 
여,20,1644 
여,19,1600 
여,30,1576 
여,36,1526 
여,37,1597 
여,39,1685 
여,38,1554 
여,37,1669 
여,60,1515 
여,56,1651 
여,41,1494 
여,42,1601 
여,55,1537 
여,39,1530 
여,35,1609 
여,33,1567 
여,50,1523 
여,65,1465 
여,66,1528 
여,60,1583 
여,51,1537 
여,58,1560 
여,31,1521 
여,19,1590 
여,36,1570 
여,60,1547 
여,19,1608 
여,34,1614 
여,16,1613 
여,16,1620 
여,16,1603 
여,17,1600 
여,16,1554 
여,16,1558 
여,16,1616 
여,16,1609 
여,16,1544 
여,16,1557 
여,16,1529 
여,16,1549 
여,17,1705 
여,17,1573 
여,18,1598 
여,18,1489 
여,16,1596 
여,18,1505 
여,16,1572 
여,16,1468 
여,16,1523 
여,21,1691 
여,21,1639 
여,16,1619 
여,16,1599 
여,16,1576 
여,16,1554 
여,17,1550 
여,17,1575 
여,19,1564 
여,17,1662 
여,17,1555 
여,17,1526 
여,19,1591 
여,17,1629 
여,17,1572 
여,17,1470 
여,17,1548 
여,18,1618 
여,19,1627 
여,18,1574 
여,18,1551 
여,17,1647 
여,56,1537 
여,61,1456 
여,59,1469 
여,16,1583 
여,17,1614 
여,18,1694 
여,16,1616 
여,18,1655 
여,16,1643 
여,18,1516 
여,17,1665 
여,18,1570 
여,16,1489 
여,18,1645 
여,18,1515 
여,18,1421 
여,16,1544 
여,18,1574 
여,17,1617 
여,51,1475 
여,54,1449 
여,53,1553 
여,18,1602 
여,46,1455 
여,18,1534 
여,16,1545 
여,58,1519 
여,55,1447 
여,56,1572 
여,56,1542 
여,19,1589 
여,52,1601 
여,19,1508 
여,64,1534 
여,59,1578 
여,56,1494 
여,65,1561 
여,60,1584 
여,33,1480 
여,60,1656 
여,51,1530 
여,61,1543 
여,58,1529 
여,61,1516 
여,56,1596 
여,57,1625 
여,57,1545 
여,50,1520 
여,55,1570 
여,47,1613 
여,65,1593 
여,47,1580 
여,53,1560 
여,53,1520 
여,61,1568 
여,66,1515 
여,56,1555 
여,61,1615 
여,59,1431 
여,60,1490 
여,59,1451 
여,56,1529 
여,54,1583 
여,66,1550 
여,60,1580 
여,64,1591 
여,69,1549 
여,57,1520 
여,61,1486 
여,55,1507 
여,57,1479 
여,55,1608 
여,29,1555 
여,66,1511 
여,65,1489 
여,32,1645 
여,29,1576 
여,43,1605 
여,53,1605 
여,19,1555 
여,34,1641 
여,59,1523 
여,19,1558 
여,19,1598 
여,49,1511 
여,49,1560 
여,25,1555 
여,21,1569 
여,36,1576 
여,31,1571 
여,50,1561 
여,29,1675 
여,49,1518 
여,45,1563 
여,34,1522 
여,60,1511 
여,41,1625 
여,19,1594 
여,19,1589 
여,38,1590 
여,19,1571 
여,32,1530 
여,19,1608 
여,22,1630 
여,49,1586 
여,20,1708 
여,18,1575 
여,49,1552 
여,23,1655 
여,23,1550 
여,19,1602 
여,45,1535 
여,41,1572 
여,38,1605 
여,20,1655 
여,43,1646 
여,26,1529 
여,45,1560 
여,49,1548 
여,20,1570 
여,22,1585 
여,43,1555 
여,18,1514 
여,18,1660 
여,18,1596 
여,24,1698 
여,39,1625 
여,52,1518 
여,38,1664 
여,18,1590 
여,18,1577 
여,17,1638 
여,52,1590 
여,17,1624 
여,43,1535 
여,42,1568 
여,43,1566 
여,19,1535 
여,17,1463 
여,16,1678 
여,17,1412 
여,35,1556 
여,38,1596 
여,39,1580 
여,19,1648 
여,46,1540 
여,17,1604 
여,35,1624 
여,48,1550 
여,40,1505 
여,44,1616 
여,45,1570 
여,46,1655 
여,45,1605 
여,19,1600 
여,42,1513 
여,20,1577 
여,49,1560 
여,19,1626 
여,32,1577 
여,19,1700 
여,20,1571 
여,40,1553 
여,43,1639 
여,21,1576 
여,24,1575 
여,38,1568 
여,23,1592 
여,19,1570 
여,35,1570 
여,19,1623 
여,21,1595 
여,21,1580 
여,22,1551 
여,22,1640 
여,28,1668 
여,22,1558 
여,19,1544 
여,23,1582 
여,28,1616 
여,23,1605 
여,38,1616 
여,23,1654 
여,24,1620 
여,66,1545 
여,66,1513 
여,56,1576 
여,39,1579 
여,59,1563 
여,50,1632 
여,37,1578 
여,37,1542 
여,37,1628 
여,39,1634 
여,39,1564 
여,35,1667 
여,35,1590 
여,36,1670 
여,38,1505 
여,38,1572 
여,36,1577 
여,38,1776 
여,39,1667 
여,36,1573 
여,27,1600 
여,20,1565 
여,30,1666 
여,34,1606 
여,31,1560 
여,25,1605 
여,25,1708 
여,17,1583 
여,17,1595 
여,18,1702 
여,18,1721 
여,18,1567 
여,53,1462 
여,57,1573 
여,63,1580 
여,45,1491 
여,18,1581 
여,16,1568 
여,17,1687 
여,19,1604 
여,54,1546 
여,19,1630 
여,18,1578 
여,54,1587 
여,18,1475 
여,25,1595 
여,30,1608 
여,30,1583 
여,29,1641 
여,30,1642 
여,30,1612 
여,31,1636 
여,29,1559 
여,27,1627 
여,31,1642 
여,31,1583 
여,27,1621 
여,30,1584 
여,26,1567 
여,32,1601 
여,32,1634 
여,29,1602 
여,27,1551 
여,32,1591 
여,32,1666 
여,33,1527 
여,25,1573 
여,33,1618 
여,25,1549 
여,33,1613 
여,33,1624 
여,33,1531 
여,28,1623 
여,29,1618 
여,34,1598 
여,28,1574 
여,35,1604 
여,29,1606 
여,34,1599 
여,34,1566 
여,25,1597 
여,28,1572 
여,35,1587 
여,26,1642 
여,34,1597 
여,29,1606 
여,34,1510 
여,27,1604 
여,47,1531 
여,27,1612 
여,37,1594 
여,23,1615 
여,34,1570 
여,37,1551 
여,20,1616 
여,35,1670 
여,23,1590 
여,23,1656 
여,30,1635 
여,20,1706 
여,20,1624 
여,44,1508 
여,20,1574 
여,37,1550 
